mrun;rbd;nivel;cod_ense;cod_grado;preferencia_postulante;agregada_por_continuidad;tipo_prioridad;loteria_original;loteria_ordenada
63984;8434;1;110;1;3;0;7;13;13
63984;8448;1;110;1;4;0;7;1;1
63984;11687;1;110;1;1;0;7;3;4
63984;24302;1;110;1;2;0;7;2;3
63984;24311;1;110;1;5;0;7;7;7
206823;8411;9;310;1;2;0;7;2;3
206823;24300;9;310;1;1;0;7;6;6
390115;8434;0;10;5;2;0;7;2;6
390115;8435;0;10;5;3;0;7;2;2
390115;8439;0;10;5;1;0;7;9;9
462049;8434;1;110;1;3;0;7;16;16
462049;8436;1;110;1;2;0;7;10;10
462049;8444;1;110;1;1;0;7;23;24
513098;8415;1;110;1;2;0;7;2;3
513098;8422;1;110;1;1;0;2;2;1
573647;8434;1;110;1;4;0;7;18;18
573647;8438;1;110;1;5;0;7;13;13
573647;8441;1;110;1;3;0;7;2;2
573647;11678;1;110;1;1;0;7;4;8
573647;24319;1;110;1;2;0;7;8;10
685648;8425;9;310;1;2;0;7;29;29
685648;8429;9;310;1;1;0;7;56;56
685648;24316;9;310;1;3;0;7;19;19
900740;8411;9;310;1;2;0;7;3;4
900740;24300;9;310;1;1;0;7;4;5
1021914;8433;1;110;1;3;0;7;10;10
1021914;8434;1;110;1;1;0;7;5;9
1021914;8436;1;110;1;4;0;7;11;11
1021914;24302;1;110;1;2;0;7;11;11
1028846;8434;1;110;1;2;0;7;15;15
1028846;8436;1;110;1;1;0;7;6;6
1031588;8438;-1;10;4;2;0;7;2;3
1031588;8483;-1;10;4;1;0;2;4;2
1186803;11678;1;110;1;1;0;7;3;7
1186803;24319;1;110;1;2;0;7;15;15
1312574;8425;9;310;1;3;0;7;34;34
1312574;8429;9;310;1;1;0;7;27;27
1312574;24316;9;310;1;2;0;7;17;17
1347066;8413;0;10;5;2;0;7;8;8
1347066;8421;0;10;5;1;0;2;5;1
1410278;8429;9;310;1;2;0;7;57;57
1410278;24329;9;310;1;1;0;7;10;10
1413259;8435;-1;10;4;2;0;7;7;7
1413259;24302;-1;10;4;1;0;7;5;6
1418454;8433;0;10;5;3;1;1; ;1
1418454;8439;0;10;5;2;0;7;15;15
1418454;8444;0;10;5;1;0;2;14;1
1513104;8433;-1;10;4;7;0;7;13;15
1513104;8434;-1;10;4;2;0;7;15;15
1513104;8435;-1;10;4;6;0;7;5;5
1513104;8436;-1;10;4;5;0;7;3;4
1513104;8437;-1;10;4;3;0;7;6;7
1513104;8439;-1;10;4;1;0;7;4;4
1513104;8442;-1;10;4;4;0;7;12;12
1513104;11687;-1;10;4;8;0;7;4;4
1513104;24302;-1;10;4;9;0;7;3;4
1513104;24313;-1;10;4;10;0;7;12;12
1521460;8439;0;10;5;2;0;7;13;13
1521460;8442;0;10;5;1;0;7;18;18
1521460;8444;0;10;5;3;0;7;3;6
1525926;8433;-1;10;4;4;0;7;16;18
1525926;8434;-1;10;4;6;0;7;18;18
1525926;8436;-1;10;4;7;0;7;13;13
1525926;8437;-1;10;4;1;0;7;5;6
1525926;8438;-1;10;4;9;0;7;16;16
1525926;8439;-1;10;4;3;0;7;6;6
1525926;8441;-1;10;4;8;0;7;15;15
1525926;8448;-1;10;4;5;0;4;3;1
1525926;11687;-1;10;4;2;0;4;3;2
1525926;24302;-1;10;4;10;0;7;8;9
1587717;8475;-1;10;4;2;0;7;2;5
1587717;16895;-1;10;4;1;0;4;2;2
1608000;8434;1;110;1;1;0;7;12;12
1608000;8438;1;110;1;4;0;7;15;15
1608000;8441;1;110;1;3;0;7;1;1
1608000;24302;1;110;1;2;0;7;4;5
1617944;8425;9;310;1;2;0;7;17;18
1617944;8429;9;310;1;1;0;7;16;16
1684272;8433;-1;10;4;1;0;2;2;3
1684272;8436;-1;10;4;2;0;7;10;10
1861475;8475;0;10;5;1;0;7;1;1
1861475;16895;0;10;5;2;0;7;3;5
1924766;8454;0;10;5;1;0;7;10;12
1924766;16895;0;10;5;4;1;1; ;1
1924766;24302;0;10;5;3;0;7;11;11
1924766;24313;0;10;5;2;0;7;3;7
1968504;8434;1;110;1;1;0;1;6;1
1968504;8444;1;110;1;2;0;7;2;3
2049838;8425;9;310;1;2;0;7;46;46
2049838;8429;9;310;1;1;0;7;48;48
2109897;8413;0;10;5;2;0;7;9;9
2109897;8417;0;10;5;3;0;7;1;1
2109897;8421;0;10;5;1;0;7;2;4
2114855;8429;9;310;1;1;0;7;5;5
2114855;8430;9;310;1;2;0;7;27;27
2114855;24316;9;310;1;3;0;7;30;30
2191139;8442;-1;10;4;2;0;4;7;2
2191139;11678;-1;10;4;1;0;4;9;6
2241811;8412;-1;10;4;2;0;7;15;15
2241811;8421;-1;10;4;1;0;7;5;5
2282950;8448;-1;10;4;2;0;7;5;5
2282950;11678;-1;10;4;1;0;2;16;2
2372558;8448;-1;10;4;1;0;7;1;2
2372558;11678;-1;10;4;2;0;7;21;21
2420878;8433;0;10;5;4;0;7;14;15
2420878;8436;0;10;5;3;0;7;14;16
2420878;8437;0;10;5;5;0;7;7;8
2420878;8442;0;10;5;2;0;7;2;2
2420878;24313;0;10;5;1;0;7;8;11
2450720;8470;1;110;1;1;0;7;1;1
2539352;8433;-1;10;4;2;0;7;14;16
2539352;8441;-1;10;4;1;0;7;9;9
2571211;8413;0;10;5;2;0;7;7;7
2571211;8415;0;10;5;3;0;7;3;3
2571211;8421;0;10;5;1;0;7;7;8
2574781;8454;-1;10;4;3;0;7;1;4
2574781;24313;-1;10;4;1;0;7;15;15
2574781;24329;-1;10;4;2;0;7;11;13
2727596;8439;-1;10;4;2;0;7;2;2
2727596;24313;-1;10;4;1;0;2;8;1
2756112;8411;9;310;1;2;0;7;5;6
2756112;24300;9;310;1;1;0;7;1;2
2777521;8429;9;310;1;1;0;7;25;25
2777521;8430;9;310;1;2;0;7;21;21
2795224;8413;1;110;1;2;0;7;2;4
2795224;8415;1;110;1;1;0;7;1;2
2822909;8434;-1;10;4;1;0;7;3;5
2822909;24302;-1;10;4;2;0;7;4;5
2859980;8429;9;310;1;1;0;7;29;29
2859980;8430;9;310;1;3;0;7;14;14
2859980;24316;9;310;1;2;0;7;41;41
2861957;8413;0;10;5;2;0;7;10;10
2861957;8421;0;10;5;1;0;7;9;9
2887283;8435;0;10;5;1;0;7;8;8
2887283;8439;0;10;5;2;0;7;7;7
2887283;24313;0;10;5;3;0;4;5;1
2955933;8424;7;110;7;1;0;5;1;1
2955933;8429;7;110;7;2;0;7;3;4
3013561;8475;-1;10;4;1;0;5;6;3
3013561;16895;-1;10;4;2;0;7;6;8
3062879;8434;0;10;5;2;0;7;6;9
3062879;8436;0;10;5;3;0;7;2;4
3062879;24302;0;10;5;1;0;7;3;3
3084746;8454;7;110;7;1;0;7;2;2
3084746;8458;7;110;7;2;0;1;1;1
3093362;8433;0;10;5;1;0;7;8;9
3093362;8436;0;10;5;3;1;1; ;2
3093362;24302;0;10;5;2;0;7;6;6
3098307;8433;0;10;5;1;0;7;11;12
3098307;8435;0;10;5;2;0;7;7;7
3098307;8448;0;10;5;3;0;7;1;2
3205664;8425;9;310;1;3;0;7;44;44
3205664;8427;9;310;1;1;0;7;15;15
3205664;24316;9;310;1;2;0;7;6;6
3222336;8411;9;310;1;1;0;7;9;9
3222336;24300;9;310;1;2;0;7;2;3
3314614;8475;0;10;5;1;0;7;4;4
3314614;16895;0;10;5;2;0;7;5;6
3370595;8444;0;10;5;2;0;7;9;11
3370595;11678;0;10;5;1;0;7;8;11
3490186;8439;0;10;5;3;0;7;3;3
3490186;8454;0;10;5;1;0;7;1;6
3490186;24302;0;10;5;2;0;7;1;1
3639881;8454;-1;10;4;2;0;7;6;9
3639881;24329;-1;10;4;1;0;7;9;11
3643838;8433;-1;10;4;1;0;4;5;6
3643838;8436;-1;10;4;4;0;7;18;18
3643838;8438;-1;10;4;3;0;7;17;17
3643838;8441;-1;10;4;2;0;7;14;14
3792556;24311;1;110;1;1;0;7;3;3
3792556;24319;1;110;1;2;0;7;6;8
3808447;8424;7;110;7;2;0;7;6;6
3808447;8433;7;110;7;3;1;1; ;1
3808447;8454;7;110;7;1;0;7;7;7
3832616;8434;1;110;1;3;0;7;3;7
3832616;8435;1;110;1;2;0;7;4;4
3832616;8438;1;110;1;4;0;7;8;8
3832616;8444;1;110;1;5;0;7;16;17
3832616;24311;1;110;1;1;0;7;5;5
3842431;8483;1;110;1;1;0;7;4;4
3842431;8484;1;110;1;2;0;7;2;2
3977851;8412;-1;10;4;2;0;7;13;14
3977851;8417;-1;10;4;1;0;7;1;1
4034429;8438;-1;10;4;1;0;4;1;2
4034429;8439;-1;10;4;2;0;7;17;17
4084505;8433;-1;10;4;1;0;7;17;19
4084505;24311;-1;10;4;2;0;7;11;12
4127677;8425;9;310;1;2;0;7;32;32
4127677;8427;9;310;1;3;0;7;12;12
4127677;24316;9;310;1;1;0;7;12;12
4157281;8454;-1;10;4;1;0;5;10;3
4157281;24311;-1;10;4;3;0;7;17;18
4157281;24329;-1;10;4;2;0;7;10;12
4220774;8412;-1;10;4;1;0;7;12;13
4220774;8413;-1;10;4;2;0;7;15;15
4223585;8438;1;110;1;1;0;7;7;7
4223585;8439;1;110;1;2;0;7;7;9
4250840;8433;-1;10;4;3;1;1; ;2
4250840;11678;-1;10;4;1;0;7;15;16
4250840;24311;-1;10;4;2;0;7;7;8
4272547;8413;1;110;1;2;0;7;10;10
4272547;8415;1;110;1;1;0;7;6;7
4321662;8425;9;310;1;1;0;7;14;15
4321662;8430;9;310;1;2;0;7;30;30
4322141;8434;-1;10;4;2;0;7;2;4
4322141;8438;-1;10;4;1;0;7;11;12
4322141;8439;-1;10;4;3;0;7;8;8
4341885;8438;-1;10;4;3;0;7;19;19
4341885;8439;-1;10;4;4;0;7;15;15
4341885;8442;-1;10;4;5;0;7;1;3
4341885;8454;-1;10;4;1;0;7;8;11
4341885;24329;-1;10;4;2;0;7;4;6
4427842;8427;9;310;1;1;0;7;19;19
4427842;8429;9;310;1;2;0;7;54;54
4427842;24316;9;310;1;4;0;7;42;42
4427842;24329;9;310;1;3;0;7;1;1
4440075;8425;9;310;1;1;0;7;3;4
4440075;24316;9;310;1;2;0;7;26;26
4473014;8413;1;110;1;2;0;7;6;6
4473014;8415;1;110;1;1;0;7;5;6
4473014;8417;1;110;1;3;1;1; ;1
4566437;8412;-1;10;4;2;0;7;3;6
4566437;8413;-1;10;4;1;0;7;1;1
4669519;8438;-1;10;4;3;0;7;7;8
4669519;11678;-1;10;4;2;0;4;7;5
4669519;24311;-1;10;4;1;0;4;4;2
4718069;8425;9;310;1;3;0;7;11;12
4718069;8427;9;310;1;2;0;7;6;6
4718069;24316;9;310;1;1;0;7;7;7
4755393;8425;9;310;1;1;0;7;41;41
4755393;8429;9;310;1;2;0;7;44;44
4755393;8430;9;310;1;3;0;4;3;2
4953153;8413;-1;10;4;1;0;7;3;3
4953153;8421;-1;10;4;2;0;7;4;4
5061115;8434;1;110;1;1;0;1;8;3
5061115;8438;1;110;1;2;0;7;17;17
5064227;8429;9;310;1;2;0;7;6;6
5064227;8430;9;310;1;1;0;7;10;12
5148635;8437;-1;10;4;8;1;1; ;1
5148635;8438;-1;10;4;7;0;7;13;13
5148635;8439;-1;10;4;6;0;7;13;13
5148635;8454;-1;10;4;3;0;4;9;2
5148635;11678;-1;10;4;4;0;4;14;7
5148635;24311;-1;10;4;2;0;7;10;11
5148635;24313;-1;10;4;5;0;7;17;17
5148635;24329;-1;10;4;1;0;4;13;2
5258216;8439;1;110;1;2;0;7;8;10
5258216;8444;1;110;1;1;0;7;6;7
5317560;8411;9;310;1;2;0;7;8;8
5317560;24300;9;310;1;1;0;7;12;12
5325720;11678;-1;10;4;2;0;4;5;4
5325720;24313;-1;10;4;1;0;7;13;13
5330673;8436;0;10;5;2;0;7;11;13
5330673;8439;0;10;5;1;0;7;5;5
5352829;8413;0;10;5;2;0;7;6;6
5352829;8415;0;10;5;1;0;7;6;6
5459777;8434;1;110;1;3;0;7;14;14
5459777;8438;1;110;1;1;0;7;9;9
5459777;24302;1;110;1;4;0;7;8;8
5459777;24311;1;110;1;2;0;7;15;15
5518176;8413;1;110;1;2;0;7;9;9
5518176;8422;1;110;1;1;0;7;1;2
5552216;8439;-1;10;4;2;0;7;14;14
5552216;8442;-1;10;4;1;0;7;11;11
5714883;8438;1;110;1;1;0;2;5;1
5714883;24319;1;110;1;2;0;4;5;3
5816247;8439;7;110;7;2;0;7;2;2
5816247;8444;7;110;7;1;0;7;1;1
5937699;8436;1;110;1;3;0;7;9;9
5937699;8439;1;110;1;2;0;7;9;11
5937699;8444;1;110;1;1;0;7;22;23
6020217;11678;0;10;5;2;0;7;6;9
6020217;11680;0;10;5;1;0;7;1;1
6020217;24338;0;10;5;3;0;7;1;1
6054371;8412;-1;10;4;3;0;7;19;19
6054371;8421;-1;10;4;1;0;7;1;3
6054371;8422;-1;10;4;2;0;7;4;4
6242149;8444;1;110;1;2;0;7;14;15
6242149;24311;1;110;1;1;0;7;11;11
6254338;8433;-1;10;4;2;0;7;15;17
6254338;8483;-1;10;4;1;0;2;3;1
6266789;8425;9;310;1;3;0;7;4;5
6266789;8427;9;310;1;2;0;7;10;10
6266789;8429;9;310;1;1;0;7;8;8
6342858;8425;9;310;1;2;0;7;35;35
6342858;8429;9;310;1;1;0;7;31;31
6342858;24316;9;310;1;3;0;7;22;22
6356766;8425;9;310;1;2;0;7;2;3
6356766;8427;9;310;1;3;0;7;16;16
6356766;24316;9;310;1;1;0;7;38;38
6474679;8442;-1;10;4;1;0;7;5;7
6474679;24334;-1;10;4;2;0;7;9;9
6490384;8454;0;10;5;2;0;7;3;7
6490384;24313;0;10;5;1;0;7;4;8
6681721;8412;-1;10;4;1;0;2;6;1
6681721;8413;-1;10;4;3;0;7;7;7
6681721;8422;-1;10;4;2;0;7;5;5
6714419;8437;-1;10;4;1;0;7;1;2
6714419;11687;-1;10;4;3;0;7;5;5
6714419;24334;-1;10;4;2;0;7;2;2
6904898;8429;9;310;1;1;0;7;4;4
6904898;24329;9;310;1;2;0;7;5;5
6943128;8436;-1;10;4;2;0;7;9;9
6943128;11687;-1;10;4;1;0;7;8;8
7033060;8427;9;310;1;3;0;7;13;13
7033060;8429;9;310;1;1;0;7;45;45
7033060;24316;9;310;1;2;0;7;39;39
7047513;8436;1;110;1;2;0;7;1;2
7047513;8439;1;110;1;3;1;1; ;2
7047513;8444;1;110;1;1;0;7;17;18
7093307;8433;-1;10;4;3;1;1; ;1
7093307;11678;-1;10;4;2;0;7;3;10
7093307;24311;-1;10;4;1;0;7;2;5
7101540;8425;9;310;1;2;0;7;1;2
7101540;24329;9;310;1;1;0;7;9;9
7155335;8429;9;310;1;2;0;7;2;2
7155335;8474;9;310;1;1;0;7;1;1
7155335;24316;9;310;1;3;0;7;3;3
7184207;8483;1;110;1;1;0;7;3;3
7184207;8484;1;110;1;2;0;7;1;1
7194299;8413;1;110;1;1;0;7;12;12
7194299;8415;1;110;1;2;0;7;7;8
7258747;8424;7;110;7;1;0;7;4;4
7258747;8438;7;110;7;5;0;7;7;7
7258747;8442;7;110;7;3;0;7;2;3
7258747;8458;7;110;7;4;0;7;2;2
7258747;11678;7;110;7;2;0;7;4;4
7284778;8444;7;110;7;2;0;7;3;3
7284778;11678;7;110;7;1;0;7;3;3
7348441;8439;1;110;1;3;1;1; ;1
7348441;11678;1;110;1;1;0;7;9;12
7348441;24319;1;110;1;2;0;7;12;12
7427919;8433;-1;10;4;1;0;7;18;20
7427919;8434;-1;10;4;2;0;7;12;12
7511317;8454;-1;10;4;3;0;7;3;6
7511317;24311;-1;10;4;2;0;7;15;16
7511317;24329;-1;10;4;1;0;7;3;5
7688453;8425;9;310;1;2;0;7;18;19
7688453;24329;9;310;1;1;0;7;18;18
7742534;8436;-1;10;4;2;0;7;16;16
7742534;8437;-1;10;4;1;0;7;4;5
7834770;11678;1;110;1;3;0;7;12;14
7834770;24311;1;110;1;2;0;7;13;13
7834770;24319;1;110;1;1;0;7;18;18
7846898;8412;-1;10;4;2;0;7;16;16
7846898;8421;-1;10;4;1;0;2;3;2
7939876;8455;0;10;5;1;0;7;1;1
7939876;11678;0;10;5;2;0;7;7;10
7955555;8412;1;110;1;3;1;1; ;2
7955555;8413;1;110;1;1;0;7;3;5
7955555;8417;1;110;1;2;0;7;2;3
7966692;8439;0;10;5;4;0;7;16;16
7966692;8449;0;10;5;2;0;7;2;3
7966692;8450;0;10;5;3;0;7;2;2
7966692;24313;0;10;5;1;0;4;12;4
8010793;8415;0;10;5;3;0;7;4;4
8010793;8417;0;10;5;1;0;7;2;2
8010793;8421;0;10;5;2;0;7;11;11
8017554;8412;1;110;1;3;1;1; ;1
8017554;8439;1;110;1;1;0;7;2;4
8017554;8444;1;110;1;2;0;7;12;13
8023726;8439;-1;10;4;3;0;7;3;3
8023726;8442;-1;10;4;2;0;7;3;5
8023726;8448;-1;10;4;1;0;7;4;4
8280832;8433;7;110;7;3;0;7;4;5
8280832;8435;7;110;7;4;1;1; ;2
8280832;8441;7;110;7;1;0;2;1;1
8280832;8458;7;110;7;2;0;7;5;5
8437751;8425;9;310;1;4;0;7;36;36
8437751;8427;9;310;1;5;0;7;9;9
8437751;8429;9;310;1;2;0;7;34;34
8437751;8430;9;310;1;1;0;4;1;1
8437751;24316;9;310;1;3;0;7;20;20
8483830;8434;1;110;1;4;0;7;11;11
8483830;8438;1;110;1;5;0;7;14;14
8483830;8441;1;110;1;3;0;7;3;3
8483830;11678;1;110;1;1;0;7;2;6
8483830;24319;1;110;1;2;0;7;1;6
8491245;8427;9;310;1;2;0;7;5;5
8491245;24329;9;310;1;1;0;7;12;12
8542944;8429;9;310;1;2;0;7;50;50
8542944;8430;9;310;1;1;0;7;22;22
8583721;8425;9;310;1;2;0;7;10;11
8583721;8430;9;310;1;1;0;7;7;9
8583721;8483;9;310;1;3;1;1; ;1
8595812;8436;-1;10;4;2;0;7;20;20
8595812;24313;-1;10;4;1;0;7;14;14
8662699;8444;0;10;5;2;0;7;6;8
8662699;8454;0;10;5;1;0;7;14;15
8673223;8442;-1;10;4;1;0;7;8;9
8673223;11678;-1;10;4;2;0;7;6;11
8839576;8434;-1;10;4;2;0;7;9;9
8839576;8438;-1;10;4;1;0;7;4;5
8851988;8429;9;310;1;2;0;7;67;67
8851988;24329;9;310;1;1;0;7;20;20
8859762;8413;1;110;1;1;0;7;11;11
8859762;8415;1;110;1;2;0;7;3;4
8859762;8417;1;110;1;3;0;7;3;4
8876870;8425;9;310;1;2;0;7;33;33
8876870;8427;9;310;1;1;0;7;17;17
8921606;8412;-1;10;4;3;0;7;9;10
8921606;8413;-1;10;4;1;0;7;13;13
8921606;8415;-1;10;4;2;0;7;2;2
8921606;8421;-1;10;4;4;0;7;6;6
8924283;8434;1;110;1;2;0;7;9;10
8924283;24302;1;110;1;1;0;7;9;9
8936621;8427;9;310;1;3;0;7;20;20
8936621;8429;9;310;1;1;0;7;38;38
8936621;8430;9;310;1;2;0;7;2;7
8936621;24316;9;310;1;4;0;7;33;33
8975831;8425;9;310;1;2;0;7;7;8
8975831;24316;9;310;1;1;0;7;15;15
9000256;11678;-1;10;4;2;0;4;4;3
9000256;24311;-1;10;4;3;0;7;18;19
9000256;24334;-1;10;4;1;0;7;5;5
9174252;8413;1;110;1;1;0;7;8;8
9174252;8417;1;110;1;2;0;7;1;2
9200569;8433;0;10;5;2;0;7;9;10
9200569;8436;0;10;5;3;0;7;13;15
9200569;11678;0;10;5;1;0;7;14;15
9230789;8437;-1;10;4;2;0;7;8;9
9230789;11687;-1;10;4;1;0;4;2;1
9343503;8439;1;110;1;1;0;7;10;12
9343503;8444;1;110;1;2;0;7;1;2
9431605;8433;0;10;5;1;0;7;10;11
9431605;8435;0;10;5;2;0;7;3;3
9493571;8425;9;310;1;1;0;7;40;40
9493571;8429;9;310;1;2;0;7;33;33
9551904;8444;0;10;5;2;0;4;2;2
9551904;11678;0;10;5;1;0;4;11;3
9626175;8475;0;10;5;2;0;7;3;3
9626175;16895;0;10;5;1;0;7;2;4
9661803;8438;-1;10;4;2;0;7;15;15
9661803;11678;-1;10;4;3;0;7;10;12
9661803;24311;-1;10;4;1;0;7;13;14
9663360;8435;-1;10;4;3;0;7;6;6
9663360;8437;-1;10;4;2;0;7;2;3
9663360;24334;-1;10;4;1;0;7;7;7
9697111;8434;-1;10;4;2;0;7;7;7
9697111;8435;-1;10;4;1;0;2;2;1
9697111;8441;-1;10;4;3;0;7;6;7
9697111;24302;-1;10;4;4;0;7;6;7
9699513;8444;1;110;1;2;0;7;7;8
9699513;24313;1;110;1;1;0;7;1;1
9732016;8434;-1;10;4;3;0;7;20;20
9732016;8439;-1;10;4;2;0;7;12;12
9732016;24313;-1;10;4;1;0;2;10;2
9745519;8427;9;310;1;2;0;7;14;14
9745519;24316;9;310;1;1;0;7;23;23
9820338;8439;0;10;5;2;0;7;10;10
9820338;8444;0;10;5;1;0;7;11;12
9884299;8413;0;10;5;1;0;7;5;5
9884299;8415;0;10;5;2;0;7;9;9
9884299;8417;0;10;5;3;0;7;3;3
9897985;24311;-1;10;4;2;0;7;20;21
9897985;24334;-1;10;4;1;0;7;4;4
9909401;11678;0;10;5;2;0;7;10;13
9909401;24313;0;10;5;1;0;7;16;16
9990456;8412;-1;10;4;1;0;2;8;2
9990456;8421;-1;10;4;2;0;7;9;9
9993997;11678;-1;10;4;2;0;7;13;15
9993997;24311;-1;10;4;1;0;7;1;4
10041415;8483;1;110;1;1;0;7;2;2
10041415;8484;1;110;1;2;0;7;3;3
10126935;8434;-1;10;4;4;0;4;1;1
10126935;8435;-1;10;4;1;0;2;4;2
10126935;8441;-1;10;4;2;0;7;5;6
10126935;24302;-1;10;4;3;0;4;1;2
10245990;8429;9;310;1;2;0;7;41;41
10245990;24316;9;310;1;1;0;7;27;27
10419059;8433;0;10;5;2;0;7;6;7
10419059;8436;0;10;5;1;0;7;10;12
10419059;8437;0;10;5;3;0;7;3;4
10456946;8429;9;310;1;2;0;7;49;49
10456946;24316;9;310;1;1;0;7;32;32
10481742;8412;7;110;7;2;0;7;1;1
10481742;8417;7;110;7;1;0;7;1;1
10487759;8439;7;110;7;2;0;7;1;1
10487759;8458;7;110;7;3;0;7;4;4
10487759;24313;7;110;7;1;0;7;4;4
10608727;8438;-1;10;4;2;0;7;9;10
10608727;8483;-1;10;4;1;0;2;5;3
10619931;8434;7;110;7;3;0;7;1;1
10619931;8437;7;110;7;2;0;6;1;1
10619931;8458;7;110;7;1;0;7;3;3
10619931;24318;7;110;7;4;1;1; ;1
10684374;8429;9;310;1;2;0;7;42;42
10684374;24329;9;310;1;1;0;7;16;16
10833871;24311;1;110;1;2;0;7;2;2
10833871;24319;1;110;1;1;0;7;3;7
10856595;8412;-1;10;4;2;0;7;4;7
10856595;8413;-1;10;4;1;0;7;10;10
11213563;8429;7;110;7;2;0;4;4;2
11213563;8449;7;110;7;4;1;1; ;1
11213563;11678;7;110;7;3;0;7;5;5
11213563;24307;7;110;7;1;0;7;1;1
11216250;8429;9;310;1;1;0;7;53;53
11216250;24316;9;310;1;2;0;7;35;35
11271908;8439;0;10;5;1;0;7;1;1
11271908;8442;0;10;5;2;0;7;9;9
11273870;8429;9;310;1;1;0;7;52;52
11273870;24316;9;310;1;2;0;7;45;45
11351654;8425;9;310;1;1;0;7;25;25
11351654;8429;9;310;1;3;0;7;28;28
11351654;8430;9;310;1;2;0;7;29;29
11395551;8435;1;110;1;1;0;7;5;5
11395551;8438;1;110;1;3;0;7;12;12
11395551;8441;1;110;1;4;0;7;7;7
11395551;8444;1;110;1;2;0;7;11;12
11521277;8429;9;310;1;2;0;7;19;19
11521277;24316;9;310;1;1;0;7;9;9
11521280;8427;9;310;1;2;0;7;21;21
11521280;24316;9;310;1;1;0;7;1;1
11672142;8441;-1;10;4;2;0;7;10;10
11672142;24313;-1;10;4;1;0;7;16;16
11672142;24334;-1;10;4;3;0;7;1;1
11704972;8436;1;110;1;2;0;7;2;3
11704972;8444;1;110;1;1;0;7;18;19
11712943;8425;9;310;1;2;0;7;20;21
11712943;8430;9;310;1;3;0;7;15;15
11712943;24316;9;310;1;1;0;7;8;8
11720950;8483;-1;10;4;1;0;7;9;9
11720950;16895;-1;10;4;2;0;7;5;7
11749402;8429;9;310;1;1;0;7;66;66
11749402;8430;9;310;1;2;0;7;6;8
11864337;8434;1;110;1;1;0;7;1;5
11864337;24311;1;110;1;2;0;7;14;14
11864337;24319;1;110;1;3;0;7;19;19
11912405;8412;-1;10;4;2;0;7;5;8
11912405;8421;-1;10;4;1;0;2;2;1
11929243;11678;1;110;1;2;0;7;6;9
11929243;24319;1;110;1;1;0;7;16;16
11956513;8429;9;310;1;1;0;7;3;3
11956513;8430;9;310;1;2;0;7;20;20
11990505;8438;7;110;7;2;0;7;6;6
11990505;8483;7;110;7;1;0;7;2;3
12088278;8429;9;310;1;1;0;7;47;47
12088278;24316;9;310;1;2;0;7;21;21
12147909;8433;7;110;7;3;0;7;3;4
12147909;8434;7;110;7;4;0;7;5;5
12147909;8444;7;110;7;2;0;7;2;2
12147909;8454;7;110;7;1;0;7;3;3
12149459;8433;-1;10;4;1;0;7;19;21
12149459;8434;-1;10;4;2;0;7;16;16
12191806;8439;-1;10;4;2;0;7;16;16
12191806;8442;-1;10;4;1;0;7;6;8
12220377;8417;-1;10;4;1;0;7;2;2
12220377;8421;-1;10;4;2;0;7;7;7
12255595;8411;9;310;1;1;0;7;12;12
12255595;24300;9;310;1;2;0;7;9;9
12345658;8454;0;10;5;2;0;7;6;9
12345658;11678;0;10;5;1;0;7;1;5
12427515;11678;-1;10;4;2;0;7;12;14
12427515;24311;-1;10;4;3;0;7;5;7
12427515;24334;-1;10;4;1;0;7;6;6
12461907;11678;1;110;1;2;0;7;10;13
12461907;24319;1;110;1;1;0;7;20;20
12518232;8435;1;110;1;2;0;7;2;2
12518232;8438;1;110;1;4;0;7;4;6
12518232;8441;1;110;1;3;0;7;9;9
12518232;11678;1;110;1;1;0;4;5;1
12588259;8436;0;10;5;2;0;7;9;11
12588259;8442;0;10;5;1;0;7;4;4
12629179;8429;9;310;1;3;0;7;32;32
12629179;24316;9;310;1;2;0;7;48;48
12629179;24329;9;310;1;1;0;7;15;15
12632287;8433;-1;10;4;3;0;7;9;11
12632287;8434;-1;10;4;1;0;7;13;13
12632287;8438;-1;10;4;2;0;7;3;4
12644886;8413;0;10;5;1;0;7;1;1
12644886;8415;0;10;5;3;0;7;5;5
12644886;8421;0;10;5;2;0;7;6;7
12682540;8425;9;310;1;2;0;7;37;37
12682540;8483;9;310;1;1;0;7;1;2
12816824;24311;-1;10;4;2;0;4;6;3
12816824;24329;-1;10;4;1;0;4;12;1
12827621;8429;9;310;1;2;0;7;30;30
12827621;8430;9;310;1;4;0;7;24;24
12827621;24316;9;310;1;3;0;7;4;4
12827621;24329;9;310;1;1;0;7;3;3
12892982;8433;1;110;1;4;0;7;1;1
12892982;8438;1;110;1;3;0;7;2;4
12892982;8444;1;110;1;2;0;7;4;5
12892982;24319;1;110;1;1;0;4;4;2
12909983;8439;0;10;5;3;0;7;14;14
12909983;8442;0;10;5;2;0;7;3;3
12909983;8444;0;10;5;4;0;7;7;9
12909983;11678;0;10;5;5;0;7;16;17
12909983;24313;0;10;5;1;0;7;14;14
12917978;8436;1;110;1;4;0;7;7;7
12917978;11678;1;110;1;3;0;4;14;4
12917978;24311;1;110;1;1;0;7;8;8
12917978;24318;1;110;1;5;1;1; ;2
12917978;24319;1;110;1;2;0;4;2;1
12935351;8413;-1;10;4;1;0;7;11;11
12935351;8415;-1;10;4;2;0;7;3;3
13024572;8429;9;310;1;2;0;7;60;60
13024572;24316;9;310;1;1;0;7;5;5
13198494;8425;9;310;1;2;0;7;16;17
13198494;8429;9;310;1;1;0;7;23;23
13208859;8433;0;10;5;3;0;7;4;5
13208859;8435;0;10;5;1;0;7;4;4
13208859;8436;0;10;5;4;0;7;6;8
13208859;8448;0;10;5;6;1;1; ;1
13208859;8454;0;10;5;2;0;4;16;5
13208859;24302;0;10;5;5;0;7;12;12
13272844;8423;7;110;7;3;1;1; ;1
13272844;8475;7;110;7;2;0;7;1;1
13272844;16895;7;110;7;1;0;7;1;1
13284562;8442;0;10;5;1;0;7;14;14
13284562;11678;0;10;5;2;0;7;9;12
13356847;8433;-1;10;4;1;0;7;4;8
13356847;8434;-1;10;4;4;0;7;19;19
13356847;8435;-1;10;4;2;0;7;17;17
13356847;8436;-1;10;4;6;0;7;8;8
13356847;8438;-1;10;4;5;0;7;6;7
13356847;8439;-1;10;4;7;0;7;11;11
13356847;8441;-1;10;4;8;0;7;4;5
13356847;8442;-1;10;4;9;0;7;4;6
13356847;11687;-1;10;4;3;0;7;1;3
13356847;24313;-1;10;4;10;0;7;7;9
13415880;8433;-1;10;4;2;0;7;11;13
13415880;8441;-1;10;4;1;0;7;8;8
13570346;8434;-1;10;4;3;0;7;14;14
13570346;8438;-1;10;4;2;0;7;5;6
13570346;24311;-1;10;4;1;0;7;8;9
13630575;8439;0;10;5;2;0;7;11;11
13630575;8454;0;10;5;1;0;7;8;11
13630575;11678;0;10;5;3;1;1; ;1
13700298;8411;9;310;1;2;0;7;6;7
13700298;24300;9;310;1;1;0;7;11;11
13744185;8415;0;10;5;1;0;7;2;2
13744185;8421;0;10;5;2;0;7;3;5
13775877;8425;9;310;1;3;0;1;23;1
13775877;8429;9;310;1;2;0;7;17;17
13775877;24316;9;310;1;1;0;7;25;25
13965786;8434;0;10;5;1;0;7;13;13
13965786;24302;0;10;5;2;0;7;10;10
13968683;8430;9;310;1;2;0;7;18;18
13968683;24329;9;310;1;1;0;7;11;11
13970017;8436;1;110;1;2;0;7;3;4
13970017;8444;1;110;1;1;0;7;13;14
14062641;8436;0;10;5;5;0;7;12;14
14062641;8437;0;10;5;1;0;7;2;3
14062641;8439;0;10;5;2;0;7;6;6
14062641;8442;0;10;5;3;0;7;8;8
14062641;8444;0;10;5;4;0;7;12;13
14082656;8433;1;110;1;2;0;7;4;4
14082656;8483;1;110;1;1;0;2;1;1
14161506;8433;0;10;5;2;0;7;12;13
14161506;8437;0;10;5;4;1;1; ;1
14161506;8441;0;10;5;3;0;7;5;5
14161506;24302;0;10;5;1;0;7;7;7
14184005;8413;1;110;1;2;0;7;1;3
14184005;8415;1;110;1;1;0;6;9;1
14239521;8425;9;310;1;2;0;7;13;14
14239521;8429;9;310;1;1;0;7;26;26
14254208;8434;0;10;5;2;0;7;9;10
14254208;24302;0;10;5;1;0;7;8;8
14305533;11678;-1;10;4;2;0;7;1;8
14305533;24311;-1;10;4;1;0;7;14;15
14323554;8449;0;10;5;3;1;1; ;1
14323554;8454;0;10;5;2;0;7;12;13
14323554;24307;0;10;5;1;0;7;1;1
14425350;8424;7;110;7;1;0;7;3;3
14425350;8438;7;110;7;2;0;7;4;4
14614442;24311;1;110;1;2;0;7;4;4
14614442;24319;1;110;1;1;0;4;11;5
14614446;8429;7;110;7;1;0;7;2;3
14614446;8438;7;110;7;2;0;7;5;5
14614446;8454;7;110;7;3;0;7;8;8
14644904;8413;1;110;1;2;0;1;4;1
14644904;8421;1;110;1;1;0;7;1;1
14818709;8475;-1;10;4;1;0;7;5;6
14818709;16895;-1;10;4;2;0;4;3;3
14875412;8424;7;110;7;1;0;7;10;10
14875412;8435;7;110;7;4;1;1; ;1
14875412;8436;7;110;7;3;0;7;2;2
14875412;8438;7;110;7;2;0;7;1;1
14911382;8411;9;310;1;2;0;7;4;5
14911382;24300;9;310;1;1;0;7;13;13
14915479;8429;9;310;1;3;0;7;18;18
14915479;24316;9;310;1;1;0;7;47;47
14915479;24329;9;310;1;2;0;7;13;13
15016049;8442;0;10;5;2;0;7;5;5
15016049;11678;0;10;5;1;0;7;15;16
15016049;24313;0;10;5;3;0;7;13;13
15226157;8436;0;10;5;4;0;7;8;10
15226157;8444;0;10;5;3;0;7;13;14
15226157;8454;0;10;5;1;0;7;4;8
15226157;11678;0;10;5;2;0;7;18;19
15250505;8454;0;10;5;1;0;7;7;10
15250505;24313;0;10;5;2;0;7;7;10
15278468;8433;0;10;5;2;0;7;5;6
15278468;8434;0;10;5;8;0;4;8;3
15278468;8436;0;10;5;1;0;7;4;6
15278468;8437;0;10;5;5;0;7;1;2
15278468;8439;0;10;5;3;0;7;4;4
15278468;8441;0;10;5;10;0;7;1;1
15278468;8442;0;10;5;6;0;7;13;13
15278468;8444;0;10;5;7;0;4;4;3
15278468;8448;0;10;5;13;0;7;2;3
15278468;11678;0;10;5;9;0;4;5;2
15278468;11687;0;10;5;4;0;7;1;1
15278468;24302;0;10;5;11;0;7;5;5
15278468;24313;0;10;5;12;0;4;10;3
15612363;8412;-1;10;4;1;0;7;2;5
15612363;8413;-1;10;4;2;0;7;6;6
15675938;24329;-1;10;4;1;0;7;5;7
15675938;24334;-1;10;4;2;0;7;10;10
15719821;8475;1;110;1;1;0;2;1;1
15719821;16895;1;110;1;2;0;1;1;1
15785342;8411;9;310;1;1;0;7;11;11
15785342;24300;9;310;1;2;0;7;3;4
15902739;8433;1;110;1;2;0;7;3;3
15902739;8434;1;110;1;1;0;7;4;8
15902739;11687;1;110;1;3;1;1; ;1
15935111;8434;1;110;1;3;0;7;17;17
15935111;8438;1;110;1;2;0;7;1;3
15935111;24311;1;110;1;1;0;7;16;16
15935111;24318;1;110;1;4;1;1; ;1
15942913;8434;0;10;5;2;0;4;5;1
15942913;11678;0;10;5;1;0;4;12;4
15969017;8475;0;10;5;2;0;7;2;2
15969017;16895;0;10;5;1;0;2;1;2
16324570;8429;9;310;1;1;0;7;12;12
16324570;8430;9;310;1;2;0;7;17;17
16360148;8444;1;110;1;3;0;7;9;10
16360148;11678;1;110;1;1;0;7;15;15
16360148;24311;1;110;1;2;0;7;9;9
16372819;8429;9;310;1;1;0;7;37;37
16372819;8430;9;310;1;2;0;7;26;26
16471607;8413;0;10;5;2;0;7;4;4
16471607;8421;0;10;5;1;0;7;4;6
16533104;8429;9;310;1;2;0;7;62;62
16533104;8430;9;310;1;1;0;4;11;5
16577240;8433;1;110;1;2;0;7;6;6
16577240;24311;1;110;1;1;0;7;17;17
16613798;8441;1;110;1;1;0;7;4;4
16613798;11687;1;110;1;2;0;7;7;8
16635619;8433;0;10;5;1;0;7;1;3
16635619;8435;0;10;5;6;0;7;1;1
16635619;8436;0;10;5;4;0;7;5;7
16635619;8437;0;10;5;2;0;7;8;9
16635619;11687;0;10;5;3;0;7;2;2
16635619;24302;0;10;5;5;0;7;4;4
16650118;8427;9;310;1;3;0;7;8;8
16650118;8429;9;310;1;2;0;7;10;10
16650118;24316;9;310;1;1;0;7;40;40
16690463;8441;0;10;5;2;0;7;4;4
16690463;8454;0;10;5;1;0;2;9;2
16690511;8433;0;10;5;2;0;7;2;4
16690511;11678;0;10;5;1;0;7;17;18
16729387;8413;0;10;5;1;0;7;3;3
16729387;8415;0;10;5;2;0;7;7;7
16729387;8421;0;10;5;3;0;7;1;3
16765862;8425;9;310;1;2;0;7;27;27
16765862;24316;9;310;1;1;0;7;16;16
16771359;8435;-1;10;4;2;0;7;8;8
16771359;8441;-1;10;4;1;0;2;7;1
16771359;11687;-1;10;4;3;0;7;7;7
16771455;8424;7;110;7;2;0;7;8;8
16771455;8454;7;110;7;1;0;7;4;4
16771738;8433;1;110;1;3;0;7;8;8
16771738;11687;1;110;1;2;0;7;6;7
16771738;24302;1;110;1;1;0;7;7;7
16807686;8425;9;310;1;2;0;7;39;39
16807686;8429;9;310;1;1;0;7;40;40
16858954;8425;9;310;1;1;0;7;24;24
16858954;8429;9;310;1;2;0;7;21;21
16887867;8425;9;310;1;1;0;7;12;13
16887867;8430;9;310;1;2;0;7;31;31
16914541;8434;0;10;5;2;0;4;7;2
16914541;8435;0;10;5;1;0;7;5;5
16914541;24302;0;10;5;3;0;7;2;2
16959901;8433;0;10;5;2;0;7;15;16
16959901;8436;0;10;5;1;0;7;1;3
16959901;11678;0;10;5;3;0;7;2;6
17089395;8438;1;110;1;2;0;7;11;11
17089395;8439;1;110;1;1;0;7;11;13
17089395;24311;1;110;1;3;0;7;18;18
17161964;8435;-1;10;4;3;0;7;3;4
17161964;8436;-1;10;4;1;0;7;5;6
17161964;24313;-1;10;4;2;0;7;1;3
17332355;11678;1;110;1;1;0;7;7;10
17332355;24311;1;110;1;2;0;7;1;1
17332355;24319;1;110;1;3;0;7;10;11
17399393;8436;1;110;1;1;0;7;12;12
17399393;8444;1;110;1;2;0;7;19;20
17399393;24302;1;110;1;3;0;7;5;6
17421177;8434;0;10;5;2;0;7;4;8
17421177;8437;0;10;5;3;0;7;5;6
17421177;8454;0;10;5;1;0;7;18;18
17444076;8429;9;310;1;1;0;7;61;61
17444076;24329;9;310;1;2;0;7;7;7
17447684;8425;9;310;1;2;0;7;45;45
17447684;8429;9;310;1;3;0;7;15;15
17447684;8430;9;310;1;1;0;4;5;4
17495062;8411;9;310;1;2;0;1;7;1
17495062;24300;9;310;1;1;0;7;7;7
17502748;8429;9;310;1;1;0;7;65;65
17502748;24316;9;310;1;2;0;7;28;28
17504739;24316;9;310;1;1;0;7;13;13
17504739;24329;9;310;1;2;0;7;19;19
17512342;8449;0;10;5;2;0;7;1;2
17512342;8454;0;10;5;1;0;1;5;1
17512342;24313;0;10;5;3;0;7;6;9
17525494;11678;1;110;1;2;0;7;8;11
17525494;24311;1;110;1;1;0;7;10;10
17627534;8439;-1;10;4;3;0;7;1;1
17627534;8454;-1;10;4;1;0;7;5;8
17627534;24302;-1;10;4;2;0;7;10;10
17634271;8427;9;310;1;3;0;7;18;18
17634271;8429;9;310;1;2;0;7;39;39
17634271;24329;9;310;1;1;0;7;2;2
17640596;8439;1;110;1;2;0;7;6;8
17640596;8444;1;110;1;1;0;7;10;11
17658768;8413;-1;10;4;1;0;7;14;14
17658768;8415;-1;10;4;2;0;7;1;1
17658768;8422;-1;10;4;3;0;7;2;2
17674684;8437;7;110;7;1;0;7;2;2
17674684;8442;7;110;7;2;0;7;5;5
17873188;8436;0;10;5;4;1;1; ;1
17873188;8439;0;10;5;3;0;7;8;8
17873188;8442;0;10;5;1;0;7;16;16
17873188;8444;0;10;5;2;0;4;10;4
17873679;8435;-1;10;4;1;0;7;13;13
17873679;8436;-1;10;4;3;0;7;12;12
17873679;8441;-1;10;4;2;0;7;1;2
17935016;8439;0;10;5;2;0;7;2;2
17935016;11678;0;10;5;1;0;7;4;8
18064070;8434;7;110;7;2;0;7;3;3
18064070;8436;7;110;7;1;0;7;1;1
18064070;8483;7;110;7;3;1;1; ;1
18083916;24313;-1;10;4;2;0;7;5;7
18083916;24329;-1;10;4;1;0;7;6;8
18109389;8433;0;10;5;1;0;7;13;14
18109389;8441;0;10;5;2;0;7;3;3
18138214;8436;-1;10;4;1;0;2;7;1
18138214;8437;-1;10;4;2;0;7;3;4
18193066;8434;1;110;1;2;0;7;19;19
18193066;11678;1;110;1;3;0;4;11;2
18193066;24302;1;110;1;1;0;2;6;2
18193066;24305;1;110;1;4;1;1; ;1
18208385;8429;9;310;1;1;0;7;64;64
18208385;8430;9;310;1;3;0;7;23;23
18208385;24316;9;310;1;2;0;7;44;44
18292870;8438;-1;10;4;1;0;2;12;1
18292870;11678;-1;10;4;2;0;7;19;19
18378305;8433;-1;10;4;4;0;4;1;5
18378305;8434;-1;10;4;5;0;4;5;3
18378305;8435;-1;10;4;2;0;7;12;12
18378305;8436;-1;10;4;3;0;7;11;11
18378305;24302;-1;10;4;1;0;7;11;11
18437369;8442;0;10;5;1;0;7;17;17
18437369;8444;0;10;5;2;0;7;5;7
18440092;8454;7;110;7;1;0;7;6;6
18440092;11678;7;110;7;3;0;7;1;1
18440092;24313;7;110;7;2;0;7;1;2
18528793;8429;9;310;1;2;0;7;36;36
18528793;8430;9;310;1;1;0;7;25;25
18585855;8425;9;310;1;1;0;7;28;28
18585855;8429;9;310;1;2;0;7;63;63
18594141;8433;-1;10;4;1;0;7;12;14
18594141;24313;-1;10;4;2;0;7;2;4
18674213;8434;-1;10;4;3;0;4;4;2
18674213;8435;-1;10;4;1;0;7;1;3
18674213;8436;-1;10;4;2;0;7;17;17
18748973;8434;0;10;5;2;0;7;1;5
18748973;8442;0;10;5;3;0;7;7;7
18748973;11678;0;10;5;1;0;7;13;14
18778026;8439;1;110;1;1;0;7;12;14
18778026;8444;1;110;1;3;1;1; ;1
18778026;11687;1;110;1;2;0;7;4;5
18882742;8452;-1;10;4;2;0;7;2;3
18882742;8483;-1;10;4;1;0;7;2;6
18922667;8434;0;10;5;2;0;7;3;7
18922667;8437;0;10;5;3;0;7;4;5
18922667;8454;0;10;5;1;0;7;17;17
18946000;8441;-1;10;4;1;0;7;2;3
18946000;24311;-1;10;4;2;0;7;19;20
19030589;8425;9;310;1;2;0;7;30;30
19030589;24316;9;310;1;1;0;7;29;29
19042012;8433;-1;10;4;1;0;2;6;4
19042012;24302;-1;10;4;2;0;7;12;12
19109503;8412;-1;10;4;1;0;2;14;3
19109503;8413;-1;10;4;3;0;7;5;5
19109503;8421;-1;10;4;2;0;7;10;10
19265637;8436;-1;10;4;2;0;7;15;15
19265637;8454;-1;10;4;1;0;2;12;1
19281661;24311;-1;10;4;2;0;7;12;13
19281661;24334;-1;10;4;1;0;7;3;3
19337796;8434;0;10;5;2;0;7;11;11
19337796;8436;0;10;5;1;0;7;15;17
19337796;8483;0;10;5;3;1;1; ;1
19386084;8412;-1;10;4;1;0;7;18;18
19386084;8413;-1;10;4;2;0;7;2;2
19386084;8422;-1;10;4;3;0;7;3;3
19408191;8442;-1;10;4;3;0;7;13;13
19408191;11678;-1;10;4;1;0;2;8;1
19408191;24311;-1;10;4;2;0;7;3;6
19408191;24329;-1;10;4;4;0;7;2;4
19434998;8424;7;110;7;2;0;7;7;7
19434998;8434;7;110;7;1;0;7;2;2
19434998;8441;7;110;7;3;0;7;3;3
19434998;24302;7;110;7;4;1;1; ;2
19447009;8454;0;10;5;2;0;7;15;16
19447009;11678;0;10;5;1;0;7;3;7
19485631;8454;-1;10;4;3;0;7;11;12
19485631;11678;-1;10;4;1;0;7;18;18
19485631;24311;-1;10;4;4;0;2;22;1
19485631;24329;-1;10;4;2;0;7;8;10
19490214;8439;-1;10;4;1;0;7;7;7
19490214;8441;-1;10;4;2;0;7;11;11
19490214;24334;-1;10;4;3;0;7;8;8
19564027;8475;0;10;5;1;0;7;5;5
19564027;16895;0;10;5;2;0;4;4;3
19717109;8454;-1;10;4;2;0;7;2;5
19717109;24311;-1;10;4;3;0;7;9;10
19717109;24329;-1;10;4;1;0;7;1;3
19758799;8434;-1;10;4;3;0;7;11;11
19758799;8435;-1;10;4;2;0;7;11;11
19758799;24302;-1;10;4;1;0;2;9;1
19781037;8433;1;110;1;2;0;7;9;9
19781037;8438;1;110;1;1;0;7;16;16
19830494;8429;9;310;1;1;0;7;22;22
19830494;24329;9;310;1;2;0;7;4;4
19995259;8425;9;310;1;2;0;7;38;38
19995259;8427;9;310;1;1;0;7;22;22
20060770;8452;-1;10;4;2;0;7;1;2
20060770;8483;-1;10;4;1;0;7;1;5
20060770;16895;-1;10;4;3;0;7;1;6
20075723;8412;-1;10;4;3;0;7;10;11
20075723;8421;-1;10;4;2;0;7;8;8
20075723;8422;-1;10;4;1;0;7;1;1
20105820;8412;-1;10;4;1;0;7;17;17
20105820;8413;-1;10;4;2;0;7;12;12
20126319;11678;1;110;1;2;0;4;13;3
20126319;24319;1;110;1;1;0;4;9;4
20139564;11678;1;110;1;3;0;7;1;5
20139564;24311;1;110;1;1;0;7;6;6
20139564;24319;1;110;1;2;0;7;14;14
20160690;8444;1;110;1;2;0;7;15;16
20160690;24313;1;110;1;1;0;7;2;2
20193074;8425;9;310;1;1;0;7;9;10
20193074;8429;9;310;1;2;0;7;43;43
20193074;8430;9;310;1;3;0;4;4;3
20311103;8475;-1;10;4;1;0;2;3;1
20311103;16895;-1;10;4;2;0;4;8;5
20342284;8434;0;10;5;2;0;7;12;12
20342284;8442;0;10;5;3;0;7;12;12
20342284;24313;0;10;5;1;0;7;2;6
20521913;8424;7;110;7;1;0;7;5;5
20521913;8433;7;110;7;2;0;7;1;2
20521913;8437;7;110;7;5;0;7;3;3
20521913;8442;7;110;7;6;0;7;6;6
20521913;11678;7;110;7;3;0;7;2;2
20521913;24302;7;110;7;4;0;7;1;3
20576949;8433;1;110;1;3;0;7;5;5
20576949;8435;1;110;1;2;0;7;3;3
20576949;24302;1;110;1;1;0;2;1;1
20636593;8437;0;10;5;2;0;7;6;7
20636593;8439;0;10;5;4;0;7;17;17
20636593;8442;0;10;5;3;0;7;15;15
20636593;24313;0;10;5;1;0;7;11;12
20640906;8483;7;110;7;1;0;7;1;2
20640906;8484;7;110;7;2;0;7;1;1
20741112;8424;7;110;7;2;0;7;2;2
20741112;24313;7;110;7;1;0;2;3;1
20743243;8429;9;310;1;1;0;7;14;14
20828317;8454;-1;10;4;1;0;7;4;7
20828317;24329;-1;10;4;2;0;7;7;9
20907335;8433;-1;10;4;3;0;7;10;12
20907335;8436;-1;10;4;2;0;7;1;2
20907335;8437;-1;10;4;1;0;7;7;8
20926789;8433;1;110;1;3;0;7;7;7
20926789;8435;1;110;1;2;0;7;6;6
20926789;24302;1;110;1;1;0;7;3;4
20930998;8434;0;10;5;3;0;4;10;4
20930998;8435;0;10;5;4;0;7;6;6
20930998;8454;0;10;5;1;0;4;11;4
20930998;24302;0;10;5;2;0;7;9;9
20942010;8425;9;310;1;1;0;7;6;7
20942010;8430;9;310;1;2;0;7;16;16
20942010;24316;9;310;1;3;0;7;36;36
20961272;8412;-1;10;4;1;0;7;11;12
20961272;8413;-1;10;4;2;0;7;8;8
21018367;11680;1;110;1;1;0;7;1;1
21018367;24319;1;110;1;2;0;7;7;9
21064899;8435;-1;10;4;2;0;7;16;16
21064899;8441;-1;10;4;1;0;7;3;4
21089358;8475;-1;10;4;1;0;2;4;2
21089358;16895;-1;10;4;2;0;4;4;4
21119778;8425;9;310;1;1;0;7;26;26
21119778;8430;9;310;1;2;0;7;19;19
21122583;8438;1;110;1;1;0;7;10;10
21122583;8439;1;110;1;2;0;7;13;15
21122583;8441;1;110;1;3;0;7;8;8
21122583;11687;1;110;1;4;0;7;1;2
21137617;8439;-1;10;4;2;0;7;5;5
21137617;8442;-1;10;4;3;0;7;9;10
21137617;24313;-1;10;4;1;0;7;11;11
21162309;8454;-1;10;4;1;0;7;7;10
21162309;11678;-1;10;4;2;0;7;17;17
21162309;24311;-1;10;4;3;0;7;16;17
21162309;24313;-1;10;4;4;0;7;3;5
21208043;8411;9;310;1;2;0;7;1;2
21208043;24300;9;310;1;1;0;7;10;10
21333070;8425;9;310;1;3;0;7;31;31
21333070;8430;9;310;1;1;0;7;28;28
21333070;24316;9;310;1;2;0;7;2;2
21426614;8450;0;10;5;2;0;7;1;1
21426614;24313;0;10;5;1;0;7;15;15
21479285;8424;7;110;7;1;0;7;9;9
21479285;8429;7;110;7;2;0;4;1;1
21479285;8454;7;110;7;3;0;7;5;5
21479285;24302;7;110;7;4;1;1; ;1
21604454;11678;-1;10;4;1;0;7;11;13
21604454;24311;-1;10;4;2;0;7;24;24
21757366;8436;-1;10;4;2;0;7;4;5
21757366;8442;-1;10;4;1;0;7;2;4
21771899;8450;-1;10;4;2;0;4;1;1
21771899;24311;-1;10;4;1;0;7;21;22
21787417;8425;9;310;1;2;0;7;22;23
21787417;8427;9;310;1;1;0;7;4;4
21787417;24316;9;310;1;3;0;7;18;18
21866159;8413;1;110;1;1;0;7;7;7
21866159;8415;1;110;1;2;0;7;4;5
21930278;8433;0;10;5;3;0;7;7;8
21930278;8436;0;10;5;4;0;7;3;5
21930278;8441;0;10;5;1;0;7;6;6
21930278;11687;0;10;5;2;0;7;3;3
22024808;8442;0;10;5;1;0;7;1;1
22024808;24313;0;10;5;2;0;7;1;5
22132774;8434;1;110;1;2;0;7;2;6
22132774;8436;1;110;1;1;0;7;5;5
22132774;8449;1;110;1;3;1;1; ;1
22143167;8439;-1;10;4;2;0;7;10;10
22143167;8442;-1;10;4;1;0;2;10;1
22208902;8435;-1;10;4;3;0;7;10;10
22208902;8436;-1;10;4;2;0;7;6;7
22208902;8438;-1;10;4;1;0;7;20;20
22213181;8425;9;310;1;2;0;7;21;22
22213181;8427;9;310;1;1;0;7;1;1
22250902;8412;-1;10;4;1;0;7;1;4
22250902;8413;-1;10;4;2;0;7;9;9
22333390;8425;9;310;1;4;0;7;5;6
22333390;8427;9;310;1;3;0;7;2;2
22333390;8429;9;310;1;1;0;7;24;24
22333390;8430;9;310;1;2;0;4;12;6
22333390;24316;9;310;1;5;0;7;14;14
22402442;8438;1;110;1;1;0;7;3;5
22402442;8439;1;110;1;3;0;7;3;5
22402442;8444;1;110;1;2;0;7;5;6
22436153;8434;-1;10;4;3;0;7;10;10
22436153;8435;-1;10;4;1;0;7;14;14
22436153;24302;-1;10;4;2;0;4;2;3
22537510;8427;9;310;1;1;0;7;3;3
22537510;8429;9;310;1;3;0;7;55;55
22537510;24316;9;310;1;2;0;7;11;11
22581905;11678;-1;10;4;2;0;7;2;9
22581905;24313;-1;10;4;1;0;7;9;10
22595613;8434;1;110;1;1;0;1;7;2
22595613;8444;1;110;1;2;0;7;3;4
22692062;8448;-1;10;4;2;0;7;2;3
22692062;11678;-1;10;4;3;0;7;20;20
22692062;24311;-1;10;4;1;0;7;23;23
22728049;8442;7;110;7;2;0;1;3;1
22728049;8454;7;110;7;1;0;6;1;1
22764007;8439;1;110;1;2;0;7;5;7
22764007;24319;1;110;1;1;0;7;13;13
22874703;8427;9;310;1;2;0;7;11;11
22874703;8429;9;310;1;3;0;7;9;9
22874703;24329;9;310;1;1;0;7;14;14
22932059;8436;-1;10;4;1;0;7;19;19
22932059;8441;-1;10;4;2;0;7;12;12
22965202;8429;9;310;1;1;0;7;1;1
22965202;24329;9;310;1;2;0;7;6;6
23033158;8439;0;10;5;4;0;7;12;12
23033158;8441;0;10;5;5;0;7;2;2
23033158;8442;0;10;5;3;0;7;10;10
23033158;8444;0;10;5;1;0;7;1;5
23033158;8454;0;10;5;2;0;7;13;14
23048837;8452;-1;10;4;2;0;7;3;4
23048837;8483;-1;10;4;1;0;7;7;8
23098650;8439;-1;10;4;2;0;7;9;9
23098650;24313;-1;10;4;1;0;7;4;6
23200539;8413;1;110;1;1;0;1;5;2
23200539;8415;1;110;1;2;0;7;8;9
23301884;8411;9;310;1;2;0;7;13;13
23301884;24300;9;310;1;1;0;2;5;1
23345243;8425;9;310;1;1;0;7;43;43
23345243;8429;9;310;1;2;0;7;46;46
23346331;8413;0;10;5;2;0;7;2;2
23346331;8421;0;10;5;1;0;7;12;12
23426460;8415;0;10;5;2;0;7;8;8
23426460;8421;0;10;5;1;0;7;10;10
23659816;8444;1;110;1;1;0;7;8;9
23659816;11687;1;110;1;2;0;7;2;3
23768462;8434;1;110;1;1;0;1;10;4
23768462;24302;1;110;1;2;0;7;10;10
23777454;8439;1;110;1;2;0;7;1;3
23777454;8444;1;110;1;1;0;7;21;22
23801819;8433;0;10;5;1;0;1;3;2
23801819;8436;0;10;5;3;0;7;7;9
23801819;8442;0;10;5;4;0;7;6;6
23801819;8444;0;10;5;2;0;7;8;10
23900693;8475;-1;10;4;2;0;7;1;4
23900693;16895;-1;10;4;1;0;2;7;1
23914897;8429;9;310;1;1;0;7;58;58
23914897;24316;9;310;1;2;0;7;31;31
23960744;8412;-1;10;4;2;0;7;7;9
23960744;8413;-1;10;4;1;0;7;4;4
24011816;8436;7;110;7;4;0;7;4;4
24011816;8438;7;110;7;3;0;7;3;3
24011816;8442;7;110;7;2;0;7;1;2
24011816;24313;7;110;7;1;0;7;2;3
24079909;8433;-1;10;4;3;0;7;7;9
24079909;8436;-1;10;4;2;0;7;14;14
24079909;8438;-1;10;4;1;0;7;21;21
24130610;8429;9;310;1;1;0;7;11;11
24130610;24316;9;310;1;2;0;7;37;37
24337108;8435;1;110;1;3;0;7;1;1
24337108;8436;1;110;1;2;0;7;8;8
24337108;8438;1;110;1;1;0;2;6;2
24377046;8436;-1;10;4;2;0;7;2;3
24377046;8438;-1;10;4;1;0;7;10;11
24394942;8433;1;110;1;3;0;7;2;2
24394942;8441;1;110;1;4;0;7;5;5
24394942;11687;1;110;1;5;0;7;5;6
24394942;24311;1;110;1;2;0;7;12;12
24394942;24319;1;110;1;1;0;7;17;17
24466723;8433;-1;10;4;3;0;7;8;10
24466723;8434;-1;10;4;2;0;7;8;8
24466723;8457;-1;10;4;1;0;7;1;1
24491704;8425;9;310;1;5;0;7;15;16
24491704;8427;9;310;1;2;0;7;7;7
24491704;8429;9;310;1;1;0;7;20;20
24491704;8430;9;310;1;4;0;7;13;13
24491704;24316;9;310;1;3;0;7;34;34
24500985;8442;0;10;5;3;0;7;11;11
24500985;8454;0;10;5;1;0;4;2;3
24500985;24313;0;10;5;2;0;4;9;2
24514071;8434;-1;10;4;6;0;7;17;17
24514071;8435;-1;10;4;5;0;7;9;9
24514071;8438;-1;10;4;3;0;7;8;9
24514071;8441;-1;10;4;1;0;7;13;13
24514071;8454;-1;10;4;2;0;7;13;13
24514071;11687;-1;10;4;4;0;7;6;6
24514071;24313;-1;10;4;7;0;7;6;8
24622469;8438;-1;10;4;2;0;7;14;14
24622469;8483;-1;10;4;1;0;2;8;4
24639510;8436;1;110;1;1;0;6;4;1
24639510;8441;1;110;1;2;0;7;6;6
24719352;8411;9;310;1;2;0;7;10;10
24719352;24300;9;310;1;1;0;7;8;8
24728793;8433;-1;10;4;4;0;7;3;7
24728793;8434;-1;10;4;3;0;7;6;6
24728793;8435;-1;10;4;1;0;7;15;15
24728793;8438;-1;10;4;5;0;7;18;18
24728793;24302;-1;10;4;2;0;7;7;8
24736196;8430;9;310;1;2;0;7;9;11
24736196;24316;9;310;1;1;0;7;43;43
24762220;8429;9;310;1;2;0;7;13;13
24762220;24316;9;310;1;1;0;7;10;10
24777447;8452;-1;10;4;2;0;4;4;1
24777447;8483;-1;10;4;1;0;7;6;7
24787137;8425;9;310;1;2;0;7;19;20
24787137;8429;9;310;1;1;0;7;59;59
24927570;8415;0;10;5;2;0;7;1;1
24927570;8421;0;10;5;1;0;2;8;2
25133735;8429;9;310;1;2;0;7;51;51
25133735;24329;9;310;1;1;0;7;17;17
25471111;8429;9;310;1;1;0;7;35;35
25471111;24329;9;310;1;2;0;7;8;8
25479429;8425;9;310;1;4;0;7;42;42
25479429;8429;9;310;1;2;0;7;68;68
25479429;8430;9;310;1;1;0;7;8;10
25479429;24316;9;310;1;3;0;7;24;24
25491348;8425;9;310;1;3;0;7;8;9
25491348;8429;9;310;1;1;0;7;7;7
25491348;24316;9;310;1;2;0;7;46;46
25493053;8433;7;110;7;2;0;7;2;3
25493053;8434;7;110;7;5;0;7;4;4
25493053;8436;7;110;7;3;0;7;3;3
25493053;8438;7;110;7;7;0;7;2;2
25493053;8441;7;110;7;6;0;7;2;2
25493053;8442;7;110;7;1;0;7;4;4
25493053;11687;7;110;7;4;0;7;1;1
25493354;8439;1;110;1;2;0;7;4;6
25493354;8444;1;110;1;3;0;7;20;21
25493354;24319;1;110;1;1;0;7;21;21
