mrun;rbd_admitido_geo_con_error;orden_postulantes
5283;8457;2254
12406;8422;1088
18586;24305;744
44981;8411;2707
57159;8439;2448
58727;8427;513
68038;8422;3399
88661;8442;3390
104064;8441;578
104614;8421;2695
107415;8458;762
113213;11678;2594
125447;8458;2600
126238;11687;2528
142772;8424;3392
149440;24317;1900
161320;11678;163
162650;8427;895
167709;8442;1701
172515;16895;2321
201194;8454;769
201891;24300;3064
222230;8450;846
226397;24316;583
232780;8454;3362
264726;8458;1498
279322;24305;2985
284555;24313;3189
291892;8429;239
307440;8421;1674
331447;24319;3123
353847;8448;2572
359194;24305;980
379056;8435;2403
379139;8454;2893
390115;8436;1167
399210;11678;368
420921;8429;1221
422370;8424;1155
443134;8457;2997
444757;24313;518
451226;8412;1441
452098;8439;2737
457907;8411;3271
462049;24327;2289
463089;24329;761
464891;8455;2300
468826;8412;2322
499192;8424;703
500774;11687;2610
524187;8439;2675
526488;8483;1008
565108;24329;1656
569340;8437;161
573647;8438;240
576951;24327;3160
577844;8458;2689
581418;8425;284
596350;8442;864
606372;8413;2150
615503;24307;2515
635479;8444;1787
636466;24318;1937
644193;8436;654
651822;8429;1606
658517;24318;50
667398;8449;2134
672754;8442;732
673405;8441;1851
680210;24329;553
681559;11687;777
685648;8430;3393
693547;8441;2923
693593;24338;2601
700194;8424;1029
701460;8424;1908
710788;8417;1629
715445;24316;431
729270;24307;1624
733805;8433;316
735075;24300;272
735981;8412;1974
740769;8413;1746
758028;8454;2262
768654;8442;39
771925;24300;543
790826;8444;1578
807521;8474;2192
815005;24329;867
822731;8439;2665
823920;24329;1874
827484;8425;1038
833209;8454;1890
833458;8421;696
835909;8435;3263
842863;8427;3136
854184;8439;2313
856570;24300;2361
859087;24318;3238
875047;24300;3376
885452;8439;1543
894377;8427;1445
897166;24316;151
898252;24313;1901
899536;8434;516
915104;24316;1326
923657;8454;3047
924076;8439;120
936112;8415;2605
939474;24318;2022
952138;24316;1767
953531;8455;1233
960107;24316;2239
961934;8455;2477
966961;24318;1756
977497;11678;389
993720;8435;3046
1005746;24318;2478
1006389;11678;2669
1012376;8458;2539
1021374;24329;233
1028846;8441;3103
1033074;8444;1561
1034071;8430;2819
1034501;8427;1500
1066094;24329;1099
1081047;11678;3280
1091731;24307;2798
1094209;11680;414
1100171;8435;2438
1102298;8474;1572
1116787;8424;1270
1126339;8411;1117
1129968;24334;3101
1139829;24311;2735
1150351;8458;1047
1153540;8474;2179
1159757;8434;2986
1181351;24305;1
1197352;8457;2027
1207545;11680;1282
1217853;24316;3162
1230885;24318;3293
1232100;8437;2079
1249543;8422;219
1256155;8436;2042
1256646;8442;2822
1258878;8421;2580
1268266;8442;997
1268612;24338;1066
1293977;8455;211
1297390;11680;1030
1301542;8412;2762
1304620;24329;3298
1308011;8424;1831
1309705;8474;2552
1312574;8430;26
1324547;8438;3213
1326134;24307;1548
1329370;8439;2963
1343681;24319;346
1356234;24311;3313
1357068;8457;1579
1358867;8438;322
1360920;24307;906
1365932;24319;931
1369699;24313;720
1373008;24319;699
1376916;24316;1780
1401265;8442;1301
1410278;8430;1892
1413259;11678;512
1422825;24300;2887
1431858;8457;1726
1445276;8430;1061
1451613;24318;2659
1452055;8425;1811
1464643;8442;642
1473382;8434;1069
1484689;8429;1172
1490863;8433;631
1513104;8448;1557
1514269;8438;713
1521460;8442;1402
1546986;8442;2335
1548219;8455;1412
1562693;8454;2603
1589123;8433;3149
1591128;8433;467
1593418;11678;1753
1611255;8436;763
1616557;24300;348
1617944;8429;1241
1628248;8454;750
1640020;11678;3307
1648657;8425;2094
1649185;24316;2231
1662769;8433;2425
1673975;24307;920
1681878;8424;1409
1686652;8413;812
1698514;8458;1880
1703937;24319;514
1710708;8439;855
1718921;8474;1501
1735262;24302;2723
1745612;24302;1741
1759497;11678;288
1760297;8458;1812
1762342;24311;2763
1767082;24316;1169
1768529;8455;3412
1771721;24317;2044
1784011;24316;2380
1784094;8457;490
1793020;24316;1806
1793339;24300;1468
1794444;8434;767
1800406;11680;2767
1806487;8435;871
1838705;24300;1336
1838838;8430;3039
1842235;8435;2527
1854506;24305;842
1854876;24313;1614
1855063;8474;2533
1878115;8474;1833
1893270;8412;510
1921507;8442;1530
1922900;8474;1731
1925181;8441;458
1941315;8436;1449
1969475;8433;1338
1983912;8412;2658
1985491;8441;884
1985961;24338;611
2008726;24300;1115
2021562;24311;957
2023165;24302;1679
2024178;8442;1940
2030289;8449;2890
2045740;24311;2711
2049838;8425;2968
2063087;8457;3404
2065263;8424;2457
2066353;8412;1544
2068888;8429;1768
2069154;8455;2127
2085569;8454;1975
2091645;8457;1280
2092615;24300;2577
2099023;24316;2093
2106606;8411;2149
2114855;8424;1395
2118883;8441;2750
2121596;24318;1775
2123717;8425;2417
2124113;8415;1943
2124301;8434;1374
2125988;24305;3367
2140285;8434;2393
2141251;8433;929
2156243;8455;1253
2159013;8427;2164
2170862;8442;2243
2185827;24302;3267
2191139;11687;463
2191402;8433;1845
2194123;8412;2432
2206270;8441;2664
2223365;8458;311
2225840;24305;1477
2232067;8438;2570
2241811;8422;9
2260416;8458;252
2266289;8454;405
2274429;8457;2031
2283458;8435;1228
2287603;8437;987
2288503;24300;28
2313934;24329;1488
2329161;8422;123
2356919;24329;1604
2361035;8422;1230
2361168;24316;844
2365600;8457;3076
2372558;8433;2504
2373937;8436;1108
2393410;8427;2649
2394176;8412;1254
2405122;8422;2294
2408804;8454;2631
2408825;24327;498
2410423;24327;3219
2411009;11678;915
2412003;24307;2502
2415352;11678;1484
2420878;8435;1804
2423287;24329;2759
2435338;24311;2827
2443755;24317;1888
2446620;24313;3261
2461367;8435;2608
2463336;24329;3254
2464097;8412;1547
2464325;8457;1197
2464644;8427;201
2469223;8421;786
2483580;8442;435
2495732;8427;1416
2498436;24334;1219
2508552;8455;2607
2511459;24327;2519
2513221;8444;3270
2514197;24300;482
2526750;8412;2452
2530130;24334;748
2537986;8444;675
2538543;16895;1466
2539352;8441;2566
2544819;8474;333
2553411;24300;1819
2556428;8430;3274
2571706;16895;2332
2572357;11678;3057
2593085;24311;1683
2596645;24329;2143
2616508;8439;2604
2622182;24338;2725
2624176;8412;2771
2634465;8474;560
2643544;11678;1473
2649468;24307;2374
2650402;24329;870
2664652;8421;2753
2678300;24329;626
2694690;24307;1616
2697360;8441;280
2699721;24329;1597
2712711;24318;1026
2718031;8454;2854
2753495;8454;755
2755112;8442;3326
2756112;8411;1034
2758201;8424;2318
2759494;11680;568
2768520;8438;1399
2768569;8425;1658
2773286;8422;2402
2777521;8429;1325
2779587;8436;774
2784767;24329;1984
2789856;24338;148
2790926;8433;2391
2804042;24327;37
2811336;8424;2153
2827890;8435;2002
2840468;8433;2557
2844239;24319;220
2849275;8455;1091
2859980;8429;3180
2861396;8430;1371
2878644;8454;3048
2878972;24313;2874
2879018;8458;2428
2885432;8458;966
2887283;8435;1137
2901116;24318;2671
2918339;24311;308
2939942;24329;2407
2952864;8442;3330
2968267;24327;2715
2972855;8441;23
2981534;8454;1427
2992868;24329;1459
3007729;8441;2549
3011869;24316;1243
3014866;24338;2712
3023993;24316;3287
3026114;11678;1877
3028848;8454;2692
3034629;11680;1415
3050471;24300;2148
3062879;8441;3122
3064065;24302;3310
3074500;8433;2463
3084546;8433;3169
3089801;8438;862
3092018;11680;3182
3094743;11678;1004
3098307;8435;334
3104995;24327;483
3112279;24319;2225
3123149;8424;492
3126909;8457;614
3134114;8434;223
3138166;8411;3008
3144107;8474;3222
3169246;8425;890
3179863;8454;1743
3181331;8454;3151
3201105;8442;1647
3205664;8427;2727
3205767;24311;910
3217356;8433;2439
3222336;8411;2101
3223070;24300;3038
3225031;8436;2194
3229715;24319;1823
3231892;8424;293
3236570;8458;1058
3249150;8475;1358
3254005;8454;1676
3265861;8441;650
3268677;8433;584
3287766;11678;1182
3288239;8483;1801
3288609;24317;2358
3291559;8424;2853
3300872;11678;172
3310562;24329;507
3314530;8444;922
3322377;24307;3363
3369891;8433;8
3370595;8455;2277
3372972;8444;3360
3395313;8454;378
3400003;24319;1582
3414224;8454;2541
3425387;8444;2897
3425514;24313;3350
3434826;8458;403
3436832;8439;2959
3452160;24327;1021
3459506;8458;1808
3463165;24307;1385
3472397;24329;1232
3475057;8457;706
3479091;16895;2067
3480459;8437;3236
3486720;24302;2204
3490186;8439;1213
3491311;8457;2971
3494255;8424;3232
3494256;24316;2779
3499601;8413;285
3502874;8439;3429
3506527;24313;3031
3507002;8470;3115
3508468;8433;1586
3512280;8427;2865
3516532;8439;674
3521586;8458;3116
3536222;24302;1696
3542961;24327;1203
3550852;11680;170
3563553;24329;2516
3570938;8442;2157
3575476;24317;909
3583895;8422;677
3588312;8424;885
3595013;8430;1106
3599600;8441;927
3604955;8458;2536
3606785;24313;1041
3626660;8475;1005
3628621;24316;477
3633795;8424;1453
3647928;8425;335
3651423;8421;1170
3660081;8425;58
3675848;8427;2078
3692627;8458;640
3694179;24318;949
3695688;11678;3084
3702804;24316;2848
3706327;8454;2903
3720901;8425;1084
3726930;24338;758
3727420;24319;2800
3758239;8425;659
3763556;8433;2558
3767458;8427;1143
3769115;24317;371
3770911;8455;2627
3782332;8437;411
3789335;24327;1382
3810701;24313;406
3813295;24318;1675
3815321;8412;153
3817100;24319;2240
3817521;24302;1187
3821278;11678;1999
3862416;11687;271
3869360;8457;2728
3880385;24329;2537
3881734;24316;2508
3885456;8454;2212
3897659;24327;2353
3898060;8457;241
3923175;8439;2573
3933039;24319;3075
3934641;8411;224
3951707;8454;2298
3959264;8442;1651
3963263;8421;2404
3977851;8415;2102
3978181;24319;366
3989499;24319;1123
3994868;8454;3163
4005930;8439;3037
4018706;8415;2935
4021262;8413;318
4022188;8422;878
4027629;8455;995
4031541;8454;2210
4034062;8433;2710
4045299;8470;363
4053435;8411;604
4056415;8421;124
4057550;8421;673
4057936;8474;621
4061593;8425;2263
4069648;24329;1509
4076013;8429;2169
4078029;8417;835
4084505;8454;165
4099218;8455;1573
4099981;24327;79
4117671;8411;810
4120438;8424;1001
4125276;24327;3206
4127677;8425;2859
4138192;8424;1972
4140701;8442;1247
4141328;24300;800
4141350;24318;1224
4142843;24319;2682
4166088;8454;339
4172131;8474;2233
4174550;8442;1857
4199704;24329;3292
4200711;24327;238
4209953;8424;1650
4218200;8454;2719
4223003;24338;3380
4223585;8434;562
4230657;24329;2271
4239837;8433;1310
4250840;8433;753
4255029;8454;388
4257951;8411;3107
4259466;8474;1490
4272547;24317;2797
4272906;8475;2464
4278609;8454;188
4289439;8412;3386
4290511;8433;1584
4307507;11680;2585
4316465;16895;1672
4318190;8444;1094
4337153;8424;2553
4337768;8457;102
4347983;24307;1215
4353735;24313;1655
4356242;8411;2652
4358385;24300;1774
4358936;8429;2876
4359279;24327;2217
4372323;8441;3375
4382518;24307;2314
4384062;8425;981
4384637;24305;2424
4394129;8433;2788
4394759;24311;1860
4407316;24316;1235
4409662;8455;2205
4411444;8444;1020
4427842;24316;985
4432486;8429;73
4435390;24329;3125
4440075;24316;1910
4441680;24329;2678
4444714;24313;2336
4445853;8442;283
4446348;8425;484
4457586;8436;1626
4461148;8442;1510
4463779;24319;1260
4467027;24302;217
4470309;8439;1063
4479922;24311;1132
4480866;24300;784
4483872;24334;2178
4504381;24311;2900
4507181;8430;2683
4512326;24317;3290
4531029;24329;859
4534562;24300;2085
4552297;8435;799
4565839;8412;2162
4578090;8427;2872
4581531;8455;63
4583136;24316;591
4588885;8444;2807
4601376;8454;3331
4607104;24300;2137
4608011;24329;1621
4621327;8439;2451
4640747;24313;733
4642230;8454;923
4643897;8442;375
4653490;8424;417
4655888;24302;1985
4656575;8435;3215
4668459;8435;1965
4668808;8427;1941
4671702;24319;1599
4680619;8455;2850
4683724;8424;2722
4686872;11680;3218
4690146;8448;294
4716787;11678;544
4718069;8427;1450
4735497;24317;2317
4740190;8457;2882
4742165;8417;99
4755393;8424;876
4759170;24319;1028
4804364;8454;1590
4811730;8457;2796
4812499;24300;3050
4826021;8441;1140
4833527;24327;1987
4844934;8425;32
4846904;24329;1292
4849237;8458;3135
4867946;8435;3098
4869556;8454;2628
4873556;8438;66
4874344;8454;2568
4876814;8412;1886
4884280;8424;2704
4897586;8438;708
4903770;8442;1803
4916598;8422;2688
4918785;24329;2469
4937266;24319;1355
4939834;24313;352
4975693;8412;1921
4976882;24327;2434
4992551;8425;2898
4999460;8436;1236
5007580;8441;1179
5017131;8427;2105
5020897;8437;1923
5029820;24329;818
5038100;24316;3176
5039785;8475;1684
5042528;24338;432
5043643;8434;2090
5054634;8436;242
5064227;8425;1081
5074028;8439;2912
5097792;24311;2282
5098222;8442;418
5100694;8442;3126
5108788;8422;3158
5111089;24318;471
5117606;8436;314
5148635;8437;317
5155356;24300;2365
5159287;8435;569
5160927;8458;1487
5175306;24307;115
5190357;8415;1603
5196414;8454;1024
5198711;24319;372
5199113;8430;971
5200988;8434;130
5218770;8474;945
5228156;8457;2310
5231347;8449;1471
5252955;8429;2398
5268401;24316;2889
5271129;8441;2510
5274140;8474;2161
5278136;16895;2047
5282385;8435;979
5293876;24313;1145
5301424;8483;2966
5305567;8474;902
5330673;8436;3402
5335619;8411;962
5344413;8422;315
5352829;8413;1032
5370278;8439;525
5374665;8455;978
5380282;8454;192
5413664;8412;2337
5428359;8427;276
5435642;24300;1356
5455984;24311;2574
5466811;24319;3059
5466977;8420;2576
5495840;8454;1388
5499199;8441;2049
5499724;8425;1014
5502969;24300;93
5508763;8442;440
5515552;24319;1475
5517550;8425;1067
5518176;8422;2386
5551532;8458;1162
5552216;11678;850
5557161;8457;3081
5572239;8454;1993
5575851;8429;2805
5577551;8436;630
5587253;8433;1769
5599582;8457;3054
5610755;8474;2758
5632519;24311;620
5635469;8442;291
5645049;8454;3407
5672357;24329;627
5675269;8412;1343
5680102;8442;2706
5693057;8439;227
5700703;8444;1285
5700976;8424;1256
5715838;8429;1519
5715867;8424;791
5720390;8433;1982
5726479;8427;2645
5735440;11678;2667
5738875;8438;1493
5741730;8433;138
5748835;8475;157
5772530;8434;2618
5779446;8424;954
5788245;8457;3212
5812506;8444;78
5830147;8429;2188
5832762;8433;3027
5837031;24316;1362
5840946;8425;413
5846833;8442;2811
5857797;8458;1000
5862846;8413;975
5866369;24327;918
5880167;11687;1049
5880879;24305;3009
5886570;24319;3146
5893527;8442;550
5900644;8454;3161
5902721;8430;1419
5909371;24302;2749
5924755;8421;2486
5932962;8435;2444
5935657;8455;132
5935700;8439;2091
5937699;8442;221
5942262;8425;119
5956003;8437;1882
5966705;24302;1870
5971613;8458;336
5983737;24313;1353
5984958;24329;3128
5993051;8455;2338
5995720;24300;1837
6009105;8436;445
6013707;8441;1646
6020180;8421;2670
6020217;24305;1249
6021393;24317;21
6022289;8454;1432
6025017;16895;2602
6027442;24329;2596
6027815;24319;96
6028632;24319;3078
6030549;8425;1252
6032099;8454;639
6032562;24329;3233
6040149;24318;1988
6041689;8439;191
6048905;24327;1462
6049371;11687;1165
6056059;24302;1396
6065196;8427;1612
6069480;8434;390
6082260;8439;3397
6095871;24329;164
6098511;11678;1700
6114175;8442;988
6120872;24329;2345
6121602;8427;2465
6132112;8427;2764
6146309;8437;261
6149100;8429;2773
6153526;11680;3239
6158494;8454;3344
6160889;24316;3062
6184191;8458;1268
6201995;8455;2632
6206563;24300;1697
6226679;8411;3342
6228783;8434;441
6229417;8454;2001
6242149;8439;628
6242155;24313;2272
6259403;16895;1345
6265560;8458;1689
6266789;8424;2721
6269113;8442;2165
6269499;8434;1481
6274710;8433;2065
6278472;8412;681
6281828;24311;1934
6335519;24327;1015
6338674;8433;495
6342858;8425;594
6346189;8439;3221
6350978;8427;3235
6352794;24319;1552
6355264;8449;1816
6356766;8425;407
6359649;24311;1269
6367302;24300;55
6380821;8429;1946
6397752;24300;1577
6402375;8444;908
6403552;8455;2278
6409348;8444;2111
6423896;24302;1556
6429671;8421;2565
6431519;8421;349
6434337;24327;197
6446039;8425;2242
6450498;24316;1156
6464199;11680;589
6465241;8442;3022
6465295;8442;2055
6474679;8438;1757
6487359;16895;2026
6490384;8444;3317
6514147;8421;2063
6517807;24311;680
6529595;24305;496
6541774;8427;1799
6550742;24316;828
6557442;8439;16
6568166;8458;2703
6568887;24313;2509
6569620;8438;2104
6589848;11680;3127
6589889;8422;3035
6591819;8458;2926
6598007;24318;2599
6598246;8438;2546
6610428;8457;2657
6613975;24311;2994
6616186;8455;1190
6632471;24327;2122
6646390;8455;1569
6661412;8457;118
6663213;8457;721
6668990;24329;2731
6674193;8434;1682
6688442;8438;1065
6701332;24318;770
6705324;8458;1357
6707501;8436;941
6711464;24319;3015
6714419;8433;2241
6722410;8424;1720
6723142;24338;465
6723837;8412;1103
6727681;24302;2981
6732676;8455;2399
6734215;24334;265
6736217;8454;1202
6738401;8433;663
6745273;24302;2427
6746868;8444;1482
6748290;8441;324
6756660;8424;1649
6764400;24316;145
6773637;8424;891
6779199;8442;12
6807101;24300;2548
6807970;8429;2820
6818412;8425;2003
6821200;8427;2323
6821234;8429;215
6826277;8475;1969
6828399;24334;1154
6832409;8429;1562
6844756;8454;2746
6847161;24300;1127
6866510;8429;3100
6871008;8424;524
6876820;8458;1120
6879486;8425;3204
6880995;24300;2269
6894297;8424;2524
6895782;24307;1976
6904554;24313;956
6904898;8425;3049
6920426;8436;3124
6921536;8454;816
6922814;8444;736
6927721;24316;3312
6927794;24307;685
6932978;8413;2208
6943128;8437;538
6953008;8421;3026
6959268;11680;903
6967452;24329;2281
6967870;11680;2784
6968079;8429;408
6971076;8425;1148
6971708;24300;1239
6973849;8424;278
6980921;24317;1694
6983269;24319;727
6992603;8458;2415
6993832;24302;338
6994082;8457;1073
7003595;8429;2886
7014917;8421;1092
7018704;8424;2875
7025951;8454;1724
7031024;8413;2930
7033060;8454;1718
7043627;24302;1027
7049949;24316;617
7068632;8425;131
7077364;24329;580
7080332;8425;1289
7086697;24338;1634
7093307;8433;2293
7094958;8429;2467
7100434;8422;1216
7101540;8430;3269
7109394;8425;529
7110160;8457;1539
7128809;24311;2838
7131231;8411;1031
7139705;8454;2974
7149521;8439;2774
7155494;8424;595
7173332;24329;83
7176981;8449;666
7178271;24305;2955
7185450;8422;2251
7196177;8424;3294
7198733;8434;2498
7205467;8425;1220
7230588;24338;1369
7244664;8458;1673
7250448;8457;539
7274173;11680;2970
7286814;8429;1147
7290893;8470;1807
7309871;8413;946
7316419;24319;1954
7324686;24319;2701
7325107;11687;1706
7342989;24317;1508
7350913;8421;1541
7364027;8442;1479
7373956;8449;546
7383000;24307;2273
7399228;8436;1702
7401395;11678;2768
7417353;8429;2250
7417740;8442;2643
7422142;8458;2530
7432538;24329;1755
7435613;8425;1152
7438312;8413;3209
7439803;8442;698
7441580;24329;1643
7441829;8433;3130
7448875;11678;1365
7458448;24338;1883
7461712;8421;887
7469700;8425;2933
7469778;11678;2660
7471324;8427;1350
7471728;8454;1958
7483330;8458;1764
7504414;8458;394
7506035;8441;1854
7511317;24329;212
7512958;24313;1830
7522919;24319;634
7531992;8436;1885
7541463;8425;924
7542721;8427;2328
7543189;11678;1681
7551073;8413;1704
7551933;8458;2034
7571257;8427;1257
7580872;24318;2299
7589366;24329;1464
7596553;8425;1465
7606008;24313;1207
7607409;8474;1710
7612381;8442;2833
7614339;8421;1436
7626977;8427;2255
7634081;8441;3140
7653451;8454;1598
7660333;8457;603
7660397;24329;176
7662189;24305;740
7672494;8455;811
7676909;8474;3301
7677216;8455;264
7677241;8434;1194
7678130;8437;3306
7688453;24319;564
7691094;8425;1889
7701627;24329;1862
7706297;8438;852
7715723;8417;3314
7718507;8412;3171
7731735;8457;2857
7732903;8412;779
7737782;8421;3021
7742534;8458;205
7754346;24329;2324
7769352;24307;3341
7769891;8483;103
7779890;11678;1781
7812432;8454;2232
7815571;8458;2152
7817093;8429;1119
7819392;24313;2939
7819681;8457;3230
7824070;8436;618
7834770;8433;1570
7837917;8427;374
7841957;24302;2700
7852650;24307;2276
7871914;24329;3007
7873803;8434;826
7876223;24338;1036
7877085;24311;2394
7901671;8436;1513
7931964;8424;1040
7939876;8444;1725
7947188;8427;3079
7953312;24300;535
7958698;8454;557
7960341;24329;1609
7962891;8483;1918
7962892;24313;658
7964360;8413;2951
7966692;8437;494
7974180;8424;2551
7975166;11678;1025
7983893;8437;3252
7991705;11680;571
7995182;8424;1617
8000750;24300;2354
8002532;24319;1945
8005720;11678;256
8013747;8411;1483
8018100;8454;893
8020710;8442;1766
8023726;24302;3133
8027747;8454;1796
8040035;24313;1442
8044841;24311;1772
8049327;8449;2387
8067833;24327;1792
8076543;24305;1952
8076710;24316;2097
8087351;8424;181
8089359;8425;1191
8091312;24316;1669
8092356;8436;1879
8100158;8424;1564
8106416;8424;2988
8115521;8427;772
8128589;24313;1054
8133512;11680;2860
8137955;8475;3355
8137956;24313;3255
8143862;8412;3357
8156772;8435;1698
8166147;8433;2480
8169758;8411;3346
8188750;8454;2339
8196698;8442;1623
8200487;8454;1733
8219760;8439;1805
8219797;8442;1524
8220126;8433;781
8223788;24302;171
8246798;8433;1846
8263269;8448;481
8266484;24313;1420
8273296;24300;2732
8278436;24302;2927
8297903;8454;2895
8307373;8435;478
8312131;8442;1750
8318416;8458;1592
8320095;24329;2803
8336717;24313;2950
8339991;24313;1962
8341715;24318;1231
8346737;8457;1016
8348232;8439;3077
8365592;8454;2663
8372630;8444;1135
8373784;11680;2235
8411563;24300;2054
8413292;8455;488
8415091;8474;2937
8418957;8475;3072
8420546;8483;2730
8429869;24313;1790
8437751;8427;1873
8438285;24329;2636
8444331;8474;2494
8452169;24300;689
8470286;24338;206
8470623;8435;1734
8475985;24313;1406
8483830;8438;2190
8487453;8436;2307
8491245;8427;2556
8497380;8441;470
8498635;8455;3114
8510412;8475;1714
8516138;24316;1250
8533467;8442;3256
8538529;8441;2069
8553573;8412;30
8554163;8424;1618
8555103;8458;193
8564402;8424;2227
8585311;11678;2058
8593058;8424;244
8594423;24316;2739
8595812;8442;1265
8603924;8454;1460
8603925;24313;977
8621216;8436;364
8627165;8439;2125
8628519;8438;1142
8662699;8454;1516
8665440;24329;2641
8673223;8435;637
8675026;8424;2375
8679091;8429;983
8682888;24327;1480
8688078;8454;1380
8689800;24307;3384
8701359;8427;3259
8718499;8442;1763
8722164;11687;1662
8729531;24311;2958
8739055;8439;437
8757348;8421;2074
8769547;24300;2815
8771023;8442;59
8778939;8412;2639
8782191;8434;1431
8807727;8427;2238
8808509;8424;686
8820837;24319;2757
8832891;24307;662
8833153;8436;802
8839576;24313;1712
8842333;24307;3228
8845099;8427;1838
8846603;8454;359
8847842;24327;2575
8851988;8430;2609
8852892;11680;1951
8857290;24329;1474
8859762;8417;953
8865627;8427;3167
8869231;8475;1967
8874043;24300;456
8874044;8474;3042
8876870;8425;1545
8887155;8458;1278
8888836;8413;1116
8891549;8454;1417
8893734;8475;2540
8899941;8474;117
8901699;24318;41
8907532;8444;1826
8924283;8435;573
8927867;24329;110
8932226;8454;1313
8936621;8429;2193
8952088;24338;1304
8997292;8424;817
9000256;24338;1334
9001861;16895;2382
9004752;8435;3405
9010153;8411;1815
9023911;24327;1398
9024399;8424;2738
9027001;8425;2445
9030305;8441;1875
9038184;8427;1957
9050620;24327;607
9056870;8449;694
9069808;8437;35
9076123;8455;536
9076666;8454;3388
9078285;8458;880
9080802;8475;262
9103473;24318;1009
9103553;8455;2005
9104631;8483;2595
9117714;24319;1101
9126044;24327;45
9129638;8425;2474
9132578;8458;1237
9133088;16895;82
9141058;11678;2483
9143213;24302;676
9144090;11680;91
9159247;24317;3117
9163750;8434;585
9168006;8427;3164
9173869;24318;299
9174252;8415;166
9198584;11680;1494
9201146;8425;355
9218360;8475;373
9230509;8442;599
9236526;8441;1255
9243378;8457;1928
9253533;8434;180
9281989;8441;3058
9283945;8435;3319
9285135;24311;218
9285279;24316;369
9307520;11678;2583
9327496;8435;2650
9335245;24307;1157
9343363;24316;1745
9343503;8439;3243
9354181;8421;3
9363908;8435;1114
9370610;8444;347
9379302;8424;602
9387148;11680;2708
9390974;8427;327
9392046;8425;2311
9393889;8458;509
9398485;24305;1324
9407237;24307;1542
9413741;8429;570
9422382;8417;1514
9422656;24305;622
9428213;11680;177
9441945;8454;1192
9460152;8424;904
9464338;8437;1277
9466157;8483;2831
9470272;8411;965
9473856;8441;1308
9488677;24316;331
9495365;11678;1404
9497226;24318;2862
9503593;11680;2342
9504324;8424;629
9504566;8439;2366
9510846;8454;752
9533261;8441;726
9535180;8433;183
9535446;8429;3257
9536867;8427;854
9536885;24329;2647
9548099;8455;1438
9551904;24311;2921
9561141;8425;556
9561374;8430;2360
9582497;8457;2485
9607962;24318;2905
9616794;8458;186
9639785;8425;1502
9652759;8455;2226
9661803;16895;3068
9662618;8427;814
9671395;24307;2492
9691936;8441;1991
9692406;8474;567
9706811;11687;475
9717859;8435;1809
9723029;24311;2359
9731570;8425;2928
9739359;24318;2459
9745519;8424;1248
9753876;24302;450
9763548;24318;2934
9768712;24318;2267
9770134;8436;1859
9774930;24305;448
9785988;8439;64
9786407;24316;1935
9804150;8439;2878
9811162;8424;3201
9819545;24311;1864
9819575;8425;1996
9819819;8474;1307
9820338;8458;702
9820806;8425;869
9828043;8425;3121
9841379;8429;1931
9842715;24327;2320
9856017;8427;1204
9897985;8441;2244
9906594;24307;1379
9909401;8442;393
9909853;24329;1903
9921748;24318;2112
9922787;8430;690
9939990;24329;606
9945485;8474;1716
9945569;24300;154
9979574;8454;326
9992061;8458;3178
9993997;8433;397
10003217;8425;1665
10003534;8457;1703
10013219;8421;2364
10027276;8449;2107
10030134;8454;1567
10046258;8474;2253
10066822;24307;888
10090518;24307;434
10092615;8457;1376
10107940;8444;1064
10130107;24316;2961
10130617;8483;1315
10133810;8458;52
10186433;24318;632
10190886;8475;2285
10195480;8458;114
10198815;8430;89
10198970;8413;3155
10206889;8454;2638
10216062;8433;3368
10223911;8424;500
10226965;8454;259
10228264;24334;2296
10234018;8411;1866
10238317;8429;1366
10239281;8458;2717
10245467;8474;3217
10245990;24305;1403
10277581;8442;2010
10283793;24302;3061
10296328;24316;203
10305376;24329;2501
10309536;8454;2817
10311538;24319;144
10325443;24338;1707
10332441;24334;3395
10342127;8413;1033
10352362;8425;610
10366110;8434;2252
10370909;8422;2352
10373621;24338;1330
10376927;8415;944
10419345;8436;936
10428316;8424;1520
10433016;8454;719
10456946;8430;428
10459555;24316;1314
10463031;8442;1227
10473539;8442;2220
10481742;8417;2346
10491704;8435;523
10493946;11678;2155
10502909;8411;2679
10502910;8427;468
10506599;8434;2392
10520590;24313;2422
10525941;8436;122
10535105;8422;2754
10536213;8458;3069
10536579;8427;2128
10538767;8454;1711
10556371;24316;2384
10563790;8458;2511
10573943;8421;738
10575169;8450;3086
10575687;8442;2587
10585108;8444;1499
10585408;8430;3262
10587034;8427;3203
10593233;24318;2993
10606199;24327;1258
10609683;8475;872
10611318;8421;38
10614854;24307;1044
10619959;8442;300
10626883;24313;729
10627583;8425;964
10631702;8439;1225
10636357;8433;1075
10639172;24300;196
10639754;24329;1294
10644946;8458;497
10652893;8454;704
10652967;8444;1198
10664642;8442;1240
10666280;8434;1426
10675824;24302;1007
10676908;11680;942
10678641;24316;80
10686464;8424;899
10692921;8439;2975
10695616;11680;3324
10707163;24329;1375
10711523;8454;1699
10712908;8458;2806
10724466;8439;3308
10742266;24327;2181
10743137;8424;1723
10746461;24307;1295
10766803;8435;1173
10775939;8411;2531
10781383;8455;2221
10811366;8411;1222
10824302;8442;430
10833871;24319;2405
10848599;24327;370
10853906;8442;1944
10861241;24313;1214
10863403;24307;2676
10869648;8424;3336
10872475;8442;2019
10873591;8441;2326
10873624;8444;574
10876418;8429;216
10886836;8454;691
10888780;8412;1732
10892967;24317;1568
10896731;24300;3001
10910565;11678;940
10917177;11680;1687
10924086;8429;1283
10927381;24316;1251
10936050;11687;1042
10940016;8449;402
10964386;8429;2743
10967454;24338;270
10967823;8412;1193
10969108;8474;1929
11000002;11678;1680
11004670;8411;2869
11007995;8479;90
11017297;8437;2466
11024376;24305;1150
11066820;8429;1978
11069918;8424;1447
11071304;11678;1653
11090473;24327;3251
11094183;24300;3338
11095125;8441;1078
11101405;8444;415
11105566;24316;1677
11111152;24329;2084
11114726;8474;72
11127517;8429;782
11139251;8454;2423
11141497;16895;167
11150101;24302;2183
11170728;8424;2775
11171172;8412;1134
11173627;8411;3095
11174718;24318;1312
11178531;24307;2909
11193219;8449;2518
11193413;24327;1678
11210841;8442;3099
11216250;8425;2871
11219992;24313;2050
11227686;24338;531
11233826;8458;1690
11243038;8475;1591
11247156;8475;537
11253810;24329;2062
11257962;8425;3394
11263995;8442;2962
11270024;8421;533
11273870;8425;213
11286829;8411;572
11290516;24317;2714
11301081;24316;2348
11312266;24319;641
11321416;24338;189
11324630;8411;2174
11337105;8412;3060
11341576;8436;97
11348562;8425;2913
11351654;24316;3364
11357518;8425;2138
11360957;8413;1476
11386537;8438;2401
11395551;24311;2852
11406717;11680;2535
11406903;8427;3024
11458636;8439;210
11465732;8457;1858
11479722;8438;1783
11482951;24329;1077
11495911;8455;652
11497657;24329;2053
11499989;11678;1576
11507244;24329;2606
11509599;24319;1660
11515319;8425;1161
11516340;24329;246
11521277;24316;143
11521280;8425;3414
11522138;8427;2484
11525747;8413;2373
11541829;8427;847
11567200;8458;1082
11567362;8455;682
11569183;8411;3190
11595493;8449;1408
11602066;8483;420
11603086;8454;1339
11607980;24311;243
11612345;24318;1199
11615649;8424;2497
11619378;24313;1435
11625901;8439;111
11646770;24317;1717
11650651;8427;2590
11661945;8411;2560
11671501;24329;2120
11672142;8433;2691
11672848;8437;357
11686595;16895;1534
11697449;8454;1218
11701178;8458;184
11704972;8439;254
11716649;24318;1433
11717917;24319;1938
11721341;24338;2032
11745602;24316;561
11749402;8427;2297
11755329;8458;1422
11757000;24327;2383
11758315;8435;1397
11759221;8483;2813
11761202;8439;601
11779674;24318;1206
11780480;8434;1848
11796403;8420;253
11797623;24319;2969
11806785;8412;2274
11813228;16895;3188
11828387;24307;1164
11830331;24329;301
11834807;8433;1262
11840102;24313;3406
11842186;24313;27
11854478;8442;1469
11859352;24319;1899
11866410;8413;1048
11875764;24300;1050
11879439;8411;2260
11884956;8413;1810
11912870;24318;1549
11914217;8442;2863
11922673;8415;2987
11924530;24316;3118
11929243;24311;741
11930597;24329;305
11932935;24313;2635
11952835;24329;2661
11956513;8427;3012
11957469;8424;2088
11959740;8427;1721
11962353;8439;939
11964654;8412;1740
11967743;8454;2288
11981126;8457;1729
11999496;8415;2030
11999989;24317;109
12010596;8433;1275
12015599;24318;2512
12039785;24300;2550
12055632;8474;2526
12057590;8430;487
12063984;8457;2562
12082818;24305;2506
12088346;8454;697
12090775;24316;2919
12096389;8483;735
12097284;11678;2372
12101087;8421;459
12103562;24338;788
12108352;8434;1407
12115734;24300;1196
12118033;8483;3366
12119576;24318;766
12121841;8421;554
12133764;8454;1876
12147909;11678;1737
12155356;24302;669
12158811;8429;1109
12158873;8475;2920
12169576;8417;3284
12170950;24316;2651
12178339;8433;2726
12189368;24307;319
12198561;24313;195
12201687;24329;775
12217305;8435;361
12218406;24327;2319
12219274;24318;443
12219518;8458;3229
12220377;8412;1535
12226471;24338;3244
12233173;8454;1052
12237987;8441;2534
12239616;8455;2390
12241751;8411;947
12242234;11678;1037
12252913;24311;1933
12257892;8442;2437
12260205;24319;2100
12261186;8433;287
12269185;24316;506
12272132;24313;1778
12287640;8458;3250
12297425;8457;159
12307097;8454;2000
12308021;8458;1995
12309887;8425;2713
12314341;24307;303
12325973;8427;228
12329160;11678;3093
12330083;24327;140
12340846;24327;3066
12342191;24313;1184
12343325;8457;912
12344182;8424;638
12345658;8435;2369
12349053;8475;1865
12356348;8454;3401
12369618;8442;868
12376350;8434;2416
12376764;8455;2468
12380007;11687;61
12383246;24318;2957
12383514;8425;661
12392719;8425;3354
12396729;24313;712
12401374;8455;1693
12416535;8458;3214
12427515;8437;1259
12430767;24319;1414
12437748;8457;1281
12440478;24334;1189
12441788;24329;1302
12445585;24307;1055
12445979;24316;2698
12452544;24311;2370
12461907;8433;2894
12463286;24318;2720
12463880;8424;3185
12477195;8482;928
12485042;24329;2056
12488398;8449;1742
12489319;8455;2098
12518232;8441;76
12524072;8427;3097
12529429;8433;1526
12533979;24327;1133
12538506;8434;2228
12553750;8458;2567
12558359;8433;229
12564830;8439;1758
12565071;8437;247
12569306;11680;3400
12570375;8441;2756
12571474;8429;765
12571648;8429;1897
12572064;8438;2076
12582184;8433;2182
12582274;24307;3144
12588259;8442;3347
12591419;24307;522
12592381;8458;2421
12602319;8415;728
12605034;8437;1212
12611531;24313;1914
12613346;24313;1871
12618064;11678;590
12628551;11678;2979
12629179;8429;1337
12630089;24338;2450
12632287;24318;2804
12642284;24307;3273
12644886;8415;2461
12652309;8433;2089
12670758;8444;2866
12703797;8475;1368
12713859;24302;245
12726249;8457;3323
12735482;8454;960
12748671;11678;2614
12767526;24302;1022
12795385;24319;3303
12799295;8427;937
12809864;11680;830
12816824;24311;267
12826349;8441;2142
12827621;8425;2184
12831985;8458;2686
12846703;8424;2170
12847872;11680;783
12866945;8425;1947
12871774;8436;3165
12884070;8427;194
12898129;8434;894
12900782;8429;2341
12909983;11678;1970
12928902;8458;2953
12929591;8474;2316
12940764;24329;410
12942844;24319;505
12944949;8433;231
12947717;24307;2410
12961220;24307;3195
12962387;8457;1013
12970064;8454;232
12975715;8434;2087
12979025;11687;1531
12985615;8429;3028
12993359;8417;2071
13000757;8421;106
13011108;8449;3309
13015411;24338;3174
13021350;8429;1367
13024572;24316;2794
13024963;24311;3177
13031025;8458;323
13032174;24334;1642
13038937;8425;2830
13040663;8417;3142
13041826;8458;1463
13045206;24302;2106
13097313;8439;2965
13109984;24329;1563
13113053;16895;1507
13122672;24319;3029
13127107;24302;3004
13134967;8455;1640
13139853;8425;162
13153781;8483;2521
13158583;8441;715
13171928;24338;1110
13179443;8436;1131
13184178;24300;1472
13187653;8433;2648
13198494;8430;1671
13207576;8458;2195
13208080;24300;2499
13212989;8429;2
13219562;24307;2840
13225794;24317;3087
13233905;8429;2215
13236387;11678;187
13246286;8425;2858
13246880;8413;780
13250595;8433;1788
13284562;8442;3175
13305676;24313;1273
13315266;8458;70
13352594;8457;104
13358690;8455;1390
13367138;8421;2795
13381287;24334;2185
13382358;8457;2943
13400016;11678;2885
13402982;24307;87
13403161;8454;360
13403298;8438;325
13403338;11680;2344
13411725;24319;3304
13411816;8435;532
13415880;16895;1019
13416196;8475;3041
13416847;8458;1869
13423934;8425;1351
13429213;8433;545
13437510;24329;2096
13446911;8434;829
13447324;8442;1686
13462734;8424;2261
13470944;8433;2946
13479669;24302;1596
13486512;8412;646
13491030;24305;3383
13493382;24319;2907
13494565;8422;3216
13497453;8424;2234
13507136;8412;2329
13514830;8458;2517
13518331;8457;2132
13524161;11678;1495
13531025;8425;881
13532322;8425;1328
13536035;8449;1917
13540766;8425;3416
13558440;8422;963
13559772;8438;898
13561400;8421;665
13570346;16895;88
13578798;8458;2589
13594258;8455;2214
13595417;8425;1276
13595959;24327;121
13609689;8457;2884
13617471;8449;1195
13630575;11678;2702
13640326;8424;289
13642462;8425;3003
13647409;24316;419
13654408;24338;1713
13654641;24300;343
13674766;8424;1983
13700298;8411;2136
13703858;8458;1136
13704980;8411;1178
13707156;11678;2248
13711243;8433;2544
13715852;8444;967
13719840;8425;17
13730826;8436;1393
13737797;8415;2447
13744185;8421;1201
13746289;8457;1571
13758387;8475;391
13760740;24327;57
13761377;8424;3282
13769321;24338;1997
13775417;8425;436
13775877;8425;3006
13781880;24316;3398
13784987;8433;20
13791060;8442;2681
13793165;8424;1090
13797551;8424;1118
13805320;8427;3381
13807107;8429;2916
13809298;8412;3311
13820297;8438;2418
13826242;24311;1467
13844380;24319;670
13844529;8474;3120
13849217;8421;863
13849845;11678;1926
13851815;8427;1587
13861900;24316;596
13862886;24305;897
13866534;8444;156
13870442;24300;3056
13875841;8474;1080
13879544;8441;695
13882050;8442;3020
13885619;8449;1071
13891105;8427;3328
13893380;8415;2709
13895656;8429;1056
13902856;8467;608
13917883;8449;1205
13921983;8411;2115
13945493;8454;69
13945739;8430;2259
13947123;8430;807
13957112;16895;469
13968683;11678;3322
13970017;24327;2283
13982628;24318;683
13984545;24329;2880
13988638;11680;1512
14005604;8474;722
14014157;8433;1437
14015672;24327;1814
14025895;8454;2303
14030632;8411;332
14034295;8424;549
14036090;8442;1096
14040727;8442;1971
14043226;8454;2809
14050521;8425;1458
14057685;24334;3147
14066696;24300;3334
14068654;11678;2523
14069014;24319;321
14073056;24316;384
14075470;24305;2280
14079555;8439;353
14093288;24318;2867
14095518;24327;449
14105785;8442;292
14107580;8442;1113
14123206;8436;1739
14123300;8424;1595
14123710;8429;3032
14144575;8425;1948
14145247;8454;2177
14155735;8433;2929
14156383;8458;848
14174796;8412;1290
14178940;8458;2256
14182299;8441;2925
14184005;8415;2623
14194620;24319;3295
14196862;8427;970
14200036;11678;2964
14218341;24329;1360
14220388;8449;3074
14236548;8458;1904
14239521;8429;1581
14248928;8441;519
14254208;8454;2385
14256969;8424;1949
14257628;8483;3320
14266317;8424;379
14279480;8425;1813
14296081;11687;190
14303993;8436;67
14305533;8442;2275
14306053;8425;559
14311745;8442;517
14321962;8421;474
14325439;24316;2915
14335118;8454;108
14340030;8427;208
14342766;8442;3277
14356377;8441;3333
14359657;24329;47
14363011;11680;1553
14363279;8429;3302
14364359;8429;1104
14372749;8435;1847
14379208;8449;2520
14388435;8474;2640
14390948;24327;1423
14399040;8427;2066
14408598;24313;592
14425350;24338;2697
14427646;8483;2037
14427802;8442;2064
14430326;8439;1364
14441496;8455;725
14441960;8412;135
14448908;8442;2666
14451589;8442;2270
14453162;8457;647
14463572;8427;581
14476844;8439;447
14490696;24307;1392
14503178;8455;576
14521278;8425;1321
14524060;8454;1138
14527342;24329;1518
14543379;8475;771
14546511;8433;18
14549071;8430;1316
14552876;24319;351
14563892;8442;2377
14568758;8458;2496
14572175;8454;1522
14582354;24318;3088
14589994;8429;3183
14591960;8427;7
14596857;8412;3272
14602387;24316;464
14610135;8454;1394
14614442;8455;423
14617499;11678;3208
14624125;8448;1968
14629080;8457;2110
14630351;8458;2896
14632044;8439;433
14639494;11687;2879
14641930;8424;1645
14656065;8435;575
14660080;8427;1180
14666212;8483;1644
14669486;8454;1822
14709287;8448;1010
14734758;8458;1298
14746348;8434;958
14747521;8455;1636
14750316;8441;2145
14754377;8433;2072
14776269;24316;2376
14783192;24329;678
14787554;8427;540
14790594;8442;3106
14798402;24329;1002
14803243;24316;2456
14810319;24300;3258
14811446;8474;429
14812834;8457;65
14813354;8433;1391
14823511;24319;2021
14824033;8455;2940
14840806;8454;714
14845990;8429;427
14849058;8458;664
14850163;8458;2487
14865537;24317;1589
14866778;8444;889
14876525;24313;1861
14883034;8424;1039
14883933;24302;2989
14885514;11678;3343
14886381;24329;734
14889612;8444;1841
14895766;8413;309
14900642;8439;2396
14902207;24302;1444
14908714;8458;1593
14915479;8430;1849
14916869;8424;1585
14930029;24316;2972
14945346;11687;2482
14964738;16895;3296
14969256;8430;1794
14976973;24317;723
14977554;8415;1489
14978870;8425;2729
14982207;24329;2009
14982967;24316;1130
14991850;8412;85
14994331;8458;1457
14996132;24302;1139
14999593;24313;873
15016049;8442;1824
15036456;8424;1828
15039656;24311;2302
15040428;8444;178
15058449;8425;1098
15061965;8483;2842
15076637;8455;2176
15099651;8457;938
15104806;24319;2613
15112158;8455;33
15115951;8441;1174
15124906;8425;989
15140117;8454;1323
15140552;8442;306
15142373;8429;2460
15144289;11678;2812
15149373;11678;877
15151096;8424;2349
15187654;8424;2200
15191007;8429;1605
15216318;24319;1504
15226157;8433;3264
15232046;8429;2545
15250505;8442;2488
15253056;11680;705
15273909;24329;133
15290277;8441;1387
15291555;8444;2166
15304285;24307;2312
15304885;8424;2245
15312530;24300;2171
15313854;24334;1639
15326306;8458;3279
15327358;24327;709
15332455;8424;356
15342419;24313;2340
15343186;8417;857
15348870;24317;813
15354927;8436;1418
15385417;8430;2881
15392487;11687;1839
15400849;24300;711
15417276;8442;2999
15424063;24329;2156
15432036;24319;645
15434984;8427;582
15475719;24318;1085
15483297;8424;3104
15484544;8425;861
15487858;8474;827
15495912;8457;823
15496608;24300;2140
15539411;24313;2538
15551328;24318;2864
15573063;8442;1018
15578412;24313;387
15580875;24316;1208
15588625;24300;2514
15590883;24311;1575
15619012;8455;2621
15619464;8429;2347
15622503;8411;11
15626581;8433;521
15636068;8474;2611
15640312;8435;2268
15644895;8441;1413
15652684;8424;1613
15655536;8454;961
15659759;24327;1359
15660460;8424;34
15664450;24334;2304
15669256;8435;2007
15675498;24307;260
15675938;8437;2012
15683109;24319;2435
15685247;8433;2211
15688453;8412;2083
15703896;8457;3051
15710272;8425;636
15727315;24338;3019
15740990;8419;2522
15757686;8454;302
15780223;24316;56
15790076;24327;454
15793379;24311;948
15804622;8422;2046
15836570;24338;746
15843397;8436;1434
15848973;8412;340
15859221;24327;1454
15867678;24316;2331
15867789;11678;134
15869304;24316;2333
15905394;8438;1961
15919696;8429;2769
15921190;8427;279
15923498;8424;2991
15926583;8441;2163
15930079;8455;1141
15935438;24334;2357
15942100;8415;2837
15942756;8455;547
15942913;8434;2782
15948379;8457;2505
15951106;8444;2355
15952620;8437;2230
15977000;8421;2258
15983539;8457;1515
15987484;24307;1730
15994632;11678;2109
16010973;8421;865
16012658;8427;1607
16019081;8430;3089
16020006;8442;3150
16023100;8483;668
16025345;24327;1177
16039679;8424;2080
16041291;8435;886
16047370;24329;1517
16052299;8424;1550
16070633;8458;1405
16073985;24329;2223
16076375;8415;2327
16080997;11678;60
16081570;24302;1448
16084284;8458;2412
16094336;24307;805
16095687;24327;2629
16101698;24334;3315
16101799;8474;2020
16102515;8439;588
16116394;8437;2918
16136126;8427;2766
16142503;8413;1354
16145391;8429;1089
16159088;8435;2082
16167588;24300;821
16174879;8433;2626
16179553;8419;1168
16191053;24307;3016
16194314;8437;2816
16198601;8421;2206
16199494;11678;860
16201295;8429;304
16209996;24327;1760
16219698;8441;442
16229730;8433;1112
16232266;24313;2835
16239389;8458;2436
16246315;8437;107
16251163;8421;2470
16251981;8454;1264
16254698;24318;386
16256542;24319;2378
16259753;8425;150
16275657;8442;1611
16277201;24327;3224
16281920;8468;1827
16283454;8411;1959
16286973;8458;2130
16290694;8442;1735
16291414;24317;451
16297705;24307;1121
16305320;8442;1648
16307230;8438;3374
16309794;8424;489
16311522;8411;2291
16312226;24305;2624
16324570;8429;2257
16324893;8439;3305
16329778;24316;916
16332807;11687;2187
16338435;8457;716
16344181;8424;3000
16349586;24316;943
16353572;24316;1107
16359901;24313;2755
16360148;8439;2207
16372819;8425;2481
16402480;24317;1619
16410936;24338;600
16420271;8411;1905
16420664;8425;2048
16430410;8425;1770
16436691;8455;2846
16454845;8413;1566
16458709;8412;2977
16461478;8427;2068
16470747;24319;1045
16472179;8424;367
16477215;11680;2247
16480497;24311;625
16482979;8458;3129
16487331;24305;3065
16499632;11680;3166
16503216;24300;1456
16506519;8434;3184
16514862;8457;1060
16533104;24316;1615
16534109;11678;530
16537802;8424;1348
16556881;8427;3082
16565930;24319;3110
16577240;8467;362
16601366;8444;173
16601510;24311;730
16607076;8442;125
16609939;8474;2949
16613798;24302;3253
16617771;24327;1708
16621818;24311;1533
16644488;8454;2778
16645511;8427;2479
16647088;8411;1401
16650118;8430;1906
16655342;24316;2616
16662738;24302;1850
16674478;8435;3297
16690511;24313;2844
16694597;16895;1511
16698180;8421;2381
16703910;24313;502
16709750;24307;84
16716843;24305;2224
16723593;8475;1538
16728545;8441;1076
16735053;8411;1608
16736801;8425;376
16752741;8412;2406
16758671;24311;486
16767691;8424;307
16771455;8424;515
16777413;24327;552
16777754;24329;973
16781076;24316;3157
16781667;8429;911
16806029;8455;795
16806126;24300;2653
16807686;8429;2995
16823548;24327;2395
16826623;24319;3248
16833320;24311;874
16854575;24307;1664
16857811;8438;1744
16864002;24316;344
16867373;8444;2028
16872546;24311;113
16876591;24305;2016
16878273;8454;836
16880284;8458;3369
16887867;8474;2547
16891830;24317;1327
16893476;8429;2004
16897240;16895;1715
16901570;8434;3391
16902616;8483;2785
16903117;8457;1349
16926959;8441;1331
16927942;8474;2472
16947427;11680;1728
16952105;8429;2656
16952305;8433;528
16958638;8424;2555
16965661;8442;511
16978332;24329;760
16982917;8454;982
16986505;24334;2489
16988153;24318;1966
16990084;11687;2051
17007417;24338;3170
17017389;8442;401
17026830;24302;796
17029099;8474;2634
17034364;8439;198
17042898;11678;3361
17053837;11680;3352
17070041;24329;3408
17072103;8425;2343
17089395;8439;3063
17091557;8458;3335
17095879;8435;773
17107600;8457;466
17111147;24329;841
17117816;8444;146
17120321;8421;2770
17134269;24329;2041
17141183;24334;798
17161964;11678;1087
17164103;24319;2956
17167175;8454;3378
17171344;24319;312
17179243;8425;404
17188065;24313;94
17194601;8429;235
17206914;8474;3173
17207532;8437;1344
17208289;8411;1688
17233268;24316;400
17235737;8424;2216
17240860;8424;175
17246295;8424;2013
17246709;8412;1856
17257011;8427;2038
17278598;24313;48
17280655;24319;202
17282014;8444;2033
17288274;8412;1160
17295838;8454;3207
17296247;8424;282
17297456;8425;2507
17299683;24338;1305
17301329;8442;1844
17302231;8429;2736
17312421;24313;3073
17312470;8454;2455
17319571;8434;3067
17327607;24327;1059
17332355;24327;425
17332690;11680;214
17336442;8438;3359
17336500;8424;1525
17346928;8424;2454
17353232;8475;2733
17360430;24307;2751
17361759;24327;737
17398594;8442;137
17406863;8435;6
17409210;24329;996
17410215;8474;3413
17411764;8425;225
17414567;8413;3365
17422378;8425;875
17431301;8424;1100
17435915;8435;1872
17444076;8427;3143
17445300;24313;3192
17445378;8444;2441
17452212;24302;757
17455299;24319;2902
17465530;8427;3382
17471760;24325;930
17495062;8411;2168
17497685;24327;2029
17499445;8441;1429
17502496;8458;2011
17502748;8430;3198
17504739;8427;1451
17512342;8454;1754
17525131;8422;2654
17533338;24334;452
17534469;24302;882
17538432;8413;2513
17548471;8412;3205
17573303;24305;1411
17583292;8438;950
17584141;24307;2625
17588434;8442;1384
17627534;8439;3211
17628295;24327;1266
17634271;8427;2705
17650516;24319;845
17652097;8454;1226
17668457;8424;3283
17669849;8475;3119
17674684;8437;657
17679907;8475;834
17695265;8457;2791
17700868;24334;1559
17701388;11678;2592
17705567;8435;2113
17731090;8411;3372
17756688;24316;2901
17759442;8454;1111
17762408;8454;2615
17774922;8474;3154
17781175;8425;395
17781290;24313;3249
17782279;8457;204
17785490;8433;2131
17787519;24327;2561
17795108;24307;1181
17800830;11680;2246
17822565;8427;1125
17830193;8458;2356
17832721;24316;2249
17837463;24329;1657
17855763;8429;541
17856034;8444;1818
17856917;8442;806
17873679;24302;268
17892847;24305;1631
17895949;8425;3172
17901143;8424;616
17914002;8454;105
17926080;8457;1102
17935016;8442;3153
17942472;24302;671
17949334;8474;1284
17955023;8411;1583
17973157;24329;1378
17981273;8439;2824
17982173;8454;542
18023300;8437;756
18023375;8455;3034
18031027;24317;296
18048679;8457;2612
18050705;8455;2039
18056065;24307;1332
18056193;8412;3109
18059923;24319;2309
18074637;8454;2563
18082123;8434;1956
18083916;8433;1749
18087559;8417;856
18093026;8424;1528
18097963;8458;476
18098500;8458;1272
18125728;8411;901
18126090;8458;2823
18139079;24305;1727
18139246;24318;832
18145606;8425;392
18147989;8435;2290
18163498;8433;2196
18193896;8458;1784
18198373;8474;230
18199700;8458;1461
18200187;24300;1175
18200336;8437;579
18208385;8425;1922
18211665;8441;1124
18220476;24313;3002
18224948;8434;273
18225574;8454;491
18225763;8427;1129
18230801;8457;461
18236288;24334;1785
18240043;8439;1421
18250897;8450;149
18262803;8475;1153
18263090;8422;793
18272687;8457;955
18272770;8439;1912
18277874;24318;3337
18277955;8454;3327
18296260;8454;1705
18297916;24300;1601
18306344;8412;925
18306345;24305;4
18315893;8458;1950
18321624;8457;2135
18332003;8421;257
18333394;8455;2118
18339537;8441;2948
18350713;8429;724
18357810;24316;649
18360316;8425;74
18360594;8438;345
18364180;8425;2018
18364296;8427;3018
18364542;24334;1452
18385285;24317;831
18389885;8455;1320
18401592;8433;2159
18419800;24311;1234
18429837;8454;1893
18433478;8458;2637
18437766;8475;2167
18469152;8442;2724
18472503;24327;158
18489533;8454;1491
18495860;8424;2922
18506103;24313;1789
18509447;24329;3299
18511764;24329;3071
18517702;11678;19
18523225;24302;1035
18528793;8429;100
18541003;8454;13
18542856;8449;3045
18543928;8441;2781
18546781;8424;968
18550721;8436;1223
18551416;8457;1023
18561990;8424;62
18569417;24313;2237
18576265;24311;2172
18577240;24334;1335
18586040;11678;2103
18586333;8424;3268
18587915;24316;3139
18598087;24318;1994
18599649;8424;1122
18602137;8444;1244
18624973;8439;31
18625054;8433;2440
18626278;24327;1166
18627142;24327;337
18638359;24318;1381
18640816;24305;1782
18653577;24300;2825
18656831;8455;2808
18659662;8441;1936
18662077;24319;3289
18670809;8442;520
18673388;8417;3246
18675444;24305;1817
18691823;24316;1279
18699813;8442;298
18700096;8458;3242
18705842;8435;1261
18708032;24316;2984
18728746;8421;986
18731528;8454;385
18778108;8457;68
18800045;24327;2379
18801365;8438;615
18809785;8444;1852
18814611;8421;672
18824804;8429;1095
18826997;24338;1288
18835762;8483;1439
18838163;24334;3234
18843946;8442;501
18854832;24319;2582
18854883;24317;3148
18866016;24329;3083
18867069;24311;310
18874615;24313;2532
18878963;8444;290
18879670;8444;3260
18880188;24319;2219
18886315;16895;142
18888073;24327;3055
18901970;8413;2330
18912860;8439;2564
18914475;8458;2542
18935151;8437;2687
18946000;8435;892
18966659;24307;1200
18967339;11678;1800
18976901;11678;2471
18983501;24300;1802
18996655;8436;2672
19004112;8457;3085
19019823;8424;3373
19020585;8454;199
19028400;24305;2108
19030589;24316;2620
19046650;8441;998
19048273;8425;1299
19070225;8427;269
19078816;24307;2495
19084038;24329;1863
19089411;24311;3030
19100760;24316;2799
19102098;8433;833
19102327;8421;2990
19111088;8437;3070
19120317;8442;597
19122393;8435;3197
19125388;24329;684
19126418;11678;1229
19127387;8424;3227
19136847;24329;2075
19143717;8437;2888
19162174;8458;1580
19173591;8454;2593
19175326;24327;2976
19179269;8457;444
19195665;24327;1303
19210554;24327;1242
19218935;24318;1210
19220097;8434;1989
19226037;11678;789
19231306;8475;2801
19235985;8427;1998
19240590;8434;504
19242367;24329;1183
19248199;24300;825
19249740;24305;743
19255763;8439;3349
19262189;24319;136
19266046;11678;3005
19278091;24338;1503
19281661;8439;3356
19308099;24316;1333
19315345;8437;2944
19333980;8457;635
19336627;24316;3025
19339967;8434;3044
19343123;24318;412
19351581;8455;98
19369862;8454;1521
19371542;24329;350
19372038;24313;2938
19380023;16895;342
19387717;8454;2420
19402342;24317;3210
19416054;8415;1630
19416935;8411;2662
19421593;24318;1759
19421851;8457;824
19427578;8448;3358
19429874;11680;2760
19432599;8425;3111
19433312;8424;2761
19437992;24319;2213
19447009;8436;3403
19447558;11678;258
19453213;24327;277
19461278;24307;1527
19464701;8434;2362
19471606;11680;381
19475024;8424;3288
19485631;8441;2584
19517179;8442;1105
19539074;8417;1916
19542437;24302;3137
19549650;24327;297
19558469;8474;969
19563086;11678;2305
19563782;8444;2780
19572754;8424;2264
19583790;8434;2126
19591253;24338;1149
19601614;8441;320
19608443;8411;341
19622988;8458;2559
19625682;8439;1924
19636870;24319;128
19639869;24329;2114
19656048;24300;2295
19664643;8458;1835
19665733;8438;2845
19673647;24327;1341
19677459;24316;2147
19690693;8454;797
19696586;8425;1913
19699365;8442;2265
19712271;24300;587
19720256;8444;2598
19721374;8411;1930
19732182;8429;3351
19750023;24313;409
19753450;8424;3091
19756670;8425;593
19757431;8435;185
19757813;8435;2371
19757833;8424;2978
19758286;24329;2008
19760809;24327;2209
19764719;8438;1867
19768045;8429;2765
19781037;8441;1836
19785423;8457;3339
19794016;11678;1771
19805087;8424;2491
19821329;8442;2748
19822767;8411;95
19824230;8412;742
19830494;8425;1960
19830595;8442;2828
19843380;8444;1990
19843999;8424;2023
19849212;24329;2199
19851314;8434;2292
19851609;8458;426
19855202;24316;3417
19861667;8437;651
19877972;8422;2924
19878223;11680;472
19884120;24316;2503
19892632;8411;660
19895451;24334;1622
19920674;8457;1840
19939344;11680;2123
19948883;24307;116
19957115;24329;1894
19977008;8454;527
19978391;8433;808
19981620;8424;3266
19983620;24329;2411
19983761;8424;1798
19995259;8424;42
20013405;24313;2910
20023317;8457;745
20024722;8422;1171
20024924;8475;24
20031662;8457;2802
20045827;8424;2409
20049809;8438;688
20051739;8442;112
20057868;24300;236
20067265;8433;2569
20083675;8455;10
20086217;8411;1506
20089226;8442;1600
20090476;24311;1389
20092877;8454;1057
20093687;24302;2841
20106134;8435;2077
20109193;24327;1043
20111505;24316;2699
20114719;8435;152
20120275;8413;330
20122298;8437;2911
20139771;24316;2408
20142095;11680;653
20144274;8449;2081
20155261;24302;1797
20161233;8427;1074
20164124;11687;3281
20165902;8437;764
20182216;8427;548
20183850;8411;383
20192930;8454;2186
20193074;24316;803
20194905;8454;2160
20200684;8415;2836
20215275;24311;1470
20224736;24319;1537
20230877;8411;2315
20235001;8438;263
20242291;8427;382
20244236;8425;1915
20244304;8442;2397
20252794;8412;1736
20254204;8454;1666
20255735;8475;759
20258300;8455;3370
20269839;8454;2024
20272818;8439;3247
20283674;24316;1342
20288633;24313;2119
20292117;8424;3043
20298429;8429;2043
20298566;24327;1842
20307600;8421;438
20318667;24307;1692
20326345;8470;3202
20329127;8436;1246
20335687;24316;2821
20336409;8427;822
20336454;8425;2014
20352997;24305;251
20357975;24327;1296
20362068;11678;974
20363138;11678;1927
20363393;8436;2832
20363893;24300;2834
20381009;8474;566
20383146;24305;2622
20385068;24316;655
20395797;8425;3421
20397079;24302;75
20397593;24329;1558
20409779;24319;455
20420930;8425;2429
20449763;8436;2222
20464760;8439;2040
20468049;8454;3196
20480879;11678;2529
20485998;8449;921
20488207;8454;2745
20490680;8429;1540
20499755;11680;1980
20507088;24317;3134
20508232;24313;785
20521913;8438;1478
20522216;8411;2057
20547255;24316;207
20578725;24302;2586
20583763;8421;2718
20595216;24302;790
20602061;24329;2414
20604140;8417;1068
20606433;8455;1762
20610419;24316;1211
20617858;8455;422
20617859;8455;2849
20618446;8435;2674
20624008;8475;3396
20627525;24300;972
20638470;8455;1238
20645499;8413;51
20649521;24313;3102
20670959;8444;993
20685206;8411;2633
20708519;8441;2266
20709492;8457;879
20729902;8433;2431
20732081;8411;1377
20737482;8442;2442
20741112;24313;2642
20741460;16895;648
20742444;8425;2684
20743243;8425;1884
20748851;8454;951
20770075;8411;2851
20800207;24318;2158
20807152;24329;2006
20818827;8427;1795
20825921;8442;2870
20828317;8438;1565
20831340;24307;2025
20846045;8454;266
20863372;8413;2453
20870073;8444;2052
20880348;24319;2500
20889648;8435;2116
20901857;11678;1667
20901875;8430;1855
20907335;8441;2973
20918421;24316;1942
20923409;8424;692
20930998;8454;917
20935061;24302;2173
20935807;24307;994
20941505;8441;2180
20952603;8434;3156
20957449;24329;1340
20960877;24318;3138
20961272;24317;2829
20963584;8448;1709
20976669;24313;1144
20985982;24311;1400
20990161;8435;700
21001868;8442;2952
21008501;24319;913
21015247;24319;1625
21024398;11678;2685
21026697;8475;2783
21027290;8475;424
21035331;24319;3013
21037529;8429;3014
21044605;8424;1878
21054028;8424;1286
21055012;24311;2740
21055686;8475;1986
21061653;8424;992
21064899;8441;3033
21071182;24329;624
21076495;8442;2197
21079092;24327;1012
21079684;8455;40
21090186;8435;2117
21109489;8424;718
21111811;8442;919
21117590;8457;2543
21119778;8425;843
21130575;24319;313
21135931;8454;3316
21136864;24316;2954
21137617;11678;2146
21145972;8421;3275
21159572;24307;3194
21170612;8429;586
21179189;11678;809
21184112;24313;2883
21197508;8424;1186
21198141;24329;1306
21210742;8455;2856
21211846;24302;2772
21230114;8436;1352
21240568;8454;3321
21270612;8411;1779
21276625;24316;2284
21278892;8442;1079
21288121;8412;2899
21306439;8458;1898
21307142;8455;3377
21310163;24316;3113
21311606;24307;959
21312525;24338;2571
21317831;24329;1907
21321392;24307;1555
21329607;24311;907
21342505;24319;2690
21355182;24307;2363
21358798;8444;1722
21361344;8421;237
21362376;8455;25
21366622;8422;1834
21366661;24305;2301
21370294;8454;707
21373427;24338;1097
21377930;24334;3094
21381784;8430;155
21384527;8458;1641
21384612;8457;2017
21396988;8429;577
21397175;11678;656
21399221;24305;1560
21402377;8438;1163
21405643;8454;819
21406234;8412;101
21421586;8412;2908
21426614;8455;274
21434995;8412;36
21444750;24329;3141
21450508;24307;1455
21451501;24307;2198
21451777;24329;209
21468518;8425;2400
21474270;24319;3237
21488561;24316;3011
21495106;8424;3181
21506327;8441;1529
21516567;8429;3409
21545043;8442;1992
21546704;24316;2279
21560866;24318;3168
21563345;8429;2073
21570179;8458;1086
21579350;8441;129
21580631;8442;2591
21601897;24311;1003
21604454;8439;14
21608093;24300;1267
21615551;24316;952
21616403;24318;127
21618317;24300;935
21620123;8427;147
21629377;8433;1953
21638092;8475;3108
21650122;24329;1911
21650782;8457;1083
21673768;8425;2904
21676973;8412;2936
21681468;8454;234
21693400;24329;3353
21701579;11678;1738
21727334;24338;976
21730651;8435;1627
21733529;8436;1492
21738609;8475;2777
21746621;8475;53
21751466;8421;1776
21753250;8411;2789
21754845;8457;3220
21757366;8434;2554
21762841;8455;1217
21771899;8441;768
21795846;8457;2942
21810524;8438;3385
21814353;24307;2095
21816432;11680;1146
21826068;8475;222
21838972;24316;3159
21839540;8457;485
21849458;24316;2947
21866159;8415;1752
21868298;8434;3096
21888073;8411;1176
21902226;8474;2644
21909099;8438;1821
21909103;8454;701
21922899;8437;2877
21929698;24300;503
21941363;8436;934
21988950;11680;2668
22013095;8425;999
22014807;8427;1920
22017637;8424;248
22022807;8425;1428
22024808;8433;838
22057694;24327;3053
22065655;24305;612
22083827;24338;1964
22102090;8479;990
22103550;24318;1322
22113060;8429;1685
22116799;8475;2121
22122201;24329;2201
22125500;8429;1209
22126411;24313;1017
22144745;24319;2203
22160270;8429;2744
22162019;8434;2693
22163282;24319;396
22180832;8424;1881
22187925;8442;2060
22190278;8439;2175
22193344;8424;3199
22213762;8458;565
22214139;8435;1791
22231506;8439;2617
22239149;8438;1051
22243844;24313;1093
22258442;8458;86
22258536;8442;2189
22267800;8442;169
22277479;8424;2673
22277674;8455;905
22289952;8483;787
22299080;8442;3017
22299333;8483;399
22316254;8415;3132
22317715;24327;2433
22326243;8421;1902
22327839;11678;1151
22329791;8454;2998
22336456;24313;15
22339715;8422;613
22340226;8448;1496
22355460;8448;563
22358169;24329;3348
22365639;8442;1318
22373774;8411;1602
22375474;8424;2581
22378500;8425;1793
22379246;8433;1309
22385267;8425;1588
22389611;8430;3411
22392071;8455;473
22397476;24313;358
22398004;24311;2655
22402442;8435;2983
22411799;8444;1263
22445485;8433;2578
22454638;24334;1751
22458655;24319;2992
22467170;16895;460
22476378;24327;2443
22478770;8411;2154
22493836;8479;1719
22497446;24302;3340
22508321;24313;1829
22512451;8458;1536
22512737;8425;1932
22514171;24334;2873
22532213;8411;479
22537510;8454;1329
22543481;24327;92
22545852;8429;226
22564136;8438;2218
22569094;8442;2287
22581905;8436;295
22592748;24319;2742
22593353;8482;365
22609872;8454;3423
22610987;8412;605
22611768;8412;687
22615576;24313;900
22617889;24329;2792
22625740;8457;1551
22632747;11678;1887
22646492;24329;3036
22647282;24302;286
22648296;8441;2475
22655197;24307;2286
22659689;8411;776
22666506;8424;2960
22668043;24327;1410
22671724;8422;1853
22687128;8474;2680
22688102;8441;126
22690165;24313;1386
22692062;16895;1832
22703694;24300;2151
22704602;8421;1062
22717407;24313;1185
22721856;24338;2490
22740741;11680;643
22747658;8411;1633
22755760;8435;1505
22755855;24316;1868
22761564;8444;3332
22764007;8433;2449
22765529;8455;2525
22766384;24313;1159
22778742;8439;1659
22787565;24300;1072
22800406;8442;2917
22801874;8412;1977
22805095;24334;3225
22812833;8427;3387
22813723;8438;747
22815938;8421;739
22821612;8454;2229
22828400;8458;398
22832905;11678;453
22859606;8421;2070
22861215;24307;2677
22864488;8427;1691
22867019;8427;1271
22869416;8458;1610
22874703;8454;1311
22884281;24319;792
22886501;8425;44
22888854;8427;1981
22893142;24329;693
22893500;24329;1011
22896312;8438;2476
22901530;8412;377
22929502;8424;3345
22941095;8424;71
22941802;8427;3278
22942342;8412;1748
22963192;8458;182
22965202;8425;2351
22970576;24300;2059
22993632;8427;3187
22995537;8475;480
22999769;8442;2741
23007431;24305;731
23011922;8475;1638
23017511;8442;281
23030988;24317;250
23033158;24305;840
23041264;8429;1661
23062748;8424;1820
23071950;8429;2367
23077216;8438;3300
23085790;8439;1909
23095607;11678;1955
23098650;8442;3285
23101311;8425;633
23102020;8411;1786
23130527;8429;3240
23135672;8425;439
23141809;24313;2597
23153024;8424;1446
23163392;8439;1761
23178409;8411;3286
23192434;11687;896
23194440;24313;2814
23218606;8458;1895
23222724;8412;1293
23223594;24316;1637
23232793;24302;3379
23235067;24318;2308
23240459;8421;3131
23244618;8434;179
23260852;24305;1747
23264442;8442;2015
23265292;24305;3226
23284422;24307;1245
23290890;24329;3010
23291720;8413;932
23295738;24317;416
23296548;24318;2861
23298063;8442;1532
23301175;8425;1497
23305997;8425;2430
23313348;8435;1919
23314468;8454;749
23322555;8411;2099
23345243;8425;815
23350773;8433;2892
23354144;8454;2931
23365036;8439;1973
23368364;8439;1765
23376496;8457;2696
23378674;8412;2306
23380492;24338;3241
23381516;24302;1424
23383823;8458;2790
23385679;8438;2144
23388789;24307;1654
23395746;8433;421
23401751;8433;1891
23410860;8438;1300
23413283;8429;3186
23429162;24300;3265
23437148;8479;3389
23439686;8457;499
23442047;8424;1128
23445433;8442;1773
23455939;8429;1663
23461751;8425;2202
23462050;8413;2588
23464527;8444;2388
23468211;8435;2786
23477040;24313;2236
23495767;8457;3052
23498026;8439;3040
23499052;8474;883
23503343;24316;2350
23507272;24329;984
23508368;24307;160
23522022;8429;1670
23534545;8435;3200
23536196;8437;2419
23544460;8454;1372
23554464;8438;679
23568353;8433;991
23568813;8438;2458
23579254;24329;1574
23585973;8442;49
23592357;8439;2752
23613830;8429;2855
23626650;24300;3231
23637365;8427;1695
23649336;8455;837
23651595;8457;3276
23654290;8439;558
23659816;11687;200
23660117;24307;2787
23680178;24313;3145
23693256;8430;1843
23694215;24305;3193
23700082;8421;3191
23701720;8475;1188
23704384;24316;858
23711519;8457;3371
23716203;11678;2980
23718425;8424;1287
23727769;8429;866
23730724;8412;1053
23732364;8442;446
23735060;8439;820
23736638;24327;2630
23740264;8421;1291
23748286;16895;1939
23752066;24313;3152
23756650;8483;3223
23761668;24327;2368
23770368;8424;1635
23777454;11687;1297
23798475;8475;2191
23807251;8454;1425
23811880;8455;1825
23818553;8444;2982
23823509;8454;2891
23828498;8429;141
23833107;8424;1523
23833174;24327;1126
23863105;8454;1347
23895895;24300;1594
23907834;8483;794
23914897;8429;1668
23918219;8424;139
23919460;8433;1070
23924704;8436;3245
23927933;16895;1777
23938996;8455;1925
23941800;8439;1363
23948783;24305;534
23956774;8423;2389
23962622;8425;2092
23965864;24319;3092
23971757;8442;1979
23978088;8413;667
23983138;8458;508
23985045;24329;493
23994930;8429;2061
23997283;24300;3415
23999489;8429;2462
24013496;8419;526
24038296;8425;77
24072696;8435;3291
24074831;8433;1896
24079150;8427;853
24105178;8433;2716
24130610;8429;2045
24130661;8457;1046
24146354;24329;22
24162307;24316;754
24170540;24318;2941
24172589;8422;1652
24178832;8436;2035
24184092;8474;710
24189160;8412;3105
24233908;24319;2945
24233919;24334;804
24243661;11687;2325
24254367;24300;2906
24254795;8425;2619
24256956;8474;3329
24261188;11687;2747
24269584;8425;1632
24278186;24338;1006
24292720;8457;328
24325381;24329;2579
24330427;8455;329
24335335;8434;914
24344549;24317;933
24344598;8433;5
24348206;8483;2133
24351475;24313;609
24365450;8441;778
24367073;8454;2868
24368744;24311;2734
24370388;8424;2826
24374096;24327;3090
24380929;8454;2473
24399205;8424;2839
24400246;24307;644
24406322;8454;1317
24419627;8454;1963
24431159;8436;1620
24441500;24316;2446
24442362;8441;3112
24457108;8412;555
24470378;8455;1443
24478838;8434;851
24491704;8427;275
24494037;24313;2493
24496488;8430;2141
24504830;24302;1319
24519350;8483;623
24536890;8412;1628
24540169;24307;3179
24541339;8436;1274
24547909;24307;1370
24563155;8454;54
24567020;8474;1554
24570292;24302;3023
24584057;8455;249
24584640;8454;2694
24585417;8435;43
24585692;8444;462
24617018;11680;1486
24617360;24300;839
24624187;8438;717
24625746;24307;551
24639051;24300;1440
24643952;24329;2086
24649031;24319;751
24661578;8457;1346
24685989;11680;598
24693235;8444;1485
24698498;8483;2776
24708173;8439;2914
24716622;8433;2847
24736196;8429;2996
24745382;8439;2818
24751536;8455;2413
24758541;8458;2036
24758711;8421;1546
24762220;8425;849
24770043;8458;926
24787137;8425;255
24813500;24311;3325
24819396;8457;3318
24824570;8429;619
24826318;8425;1383
24836589;8422;3080
24836890;8424;174
24855214;8415;46
24860278;24318;2426
24866456;8457;168
24872316;8434;29
24883599;16895;457
24885808;24317;81
24893571;24316;1373
24908565;8415;354
24914132;8442;2139
24915210;8454;2129
24922248;8441;1430
24926538;8424;1361
24935035;24329;2793
24937833;8439;2932
24959937;8413;2124
24964159;8433;1158
24973062;24300;801
24981802;24313;2334
24986341;11678;2810
24989838;8436;2843
24998142;24305;2646
24999865;8474;2967
25133735;8429;3418
25138753;8424;3419
25181324;8424;380
25463242;8424;3428
25463268;8427;3422
25463642;8411;3436
25467414;24316;3432
25471045;8429;3426
25471111;8429;3430
25475751;8430;3434
25477099;24319;3410
25477567;8425;3435
25479400;24316;3424
25479429;8430;3433
25490620;8458;3425
25493349;8412;3427
25497600;8439;3420
25501628;8436;3431
