mrun_1;mrun_2;mismo_nivel;es_hermano;postula_en_bloque
25750;24398093;0;1;1
26187;13807507;0;1;0
26187;22352940;0;1;0
44092;15532129;1;1;1
45434;8837600;0;1;0
45809;4839026;0;1;1
45809;12735106;0;1;0
50879;21753098;0;1;1
65616;10599846;0;1;1
66193;23000572;0;1;0
69186;13740483;0;1;0
87045;1374083;0;1;0
94737;2232147;0;1;0
99047;10898125;0;1;0
113381;23485630;0;1;0
119669;21646550;0;1;0
129103;1098210;0;1;0
131645;16630026;0;1;0
144367;560517;0;1;0
144367;11767057;0;1;0
148471;2795321;0;1;1
159981;13428762;0;1;0
170477;20370529;0;1;0
172515;3479091;1;1;1
173167;8045614;0;1;0
174524;5130377;0;1;1
174524;10412535;0;1;1
178315;4376049;0;1;0
178315;6909445;0;1;0
182066;6490196;1;1;1
187974;6342255;0;1;1
191377;18348438;0;1;0
226114;2351192;0;1;1
228197;7705129;1;1;1
232941;23591547;0;1;1
236343;3671110;0;1;1
243135;20977524;0;1;1
243292;13770735;1;1;1
244136;12527957;0;1;0
251109;18055160;0;1;0
251917;17007047;0;1;0
262550;11212222;0;1;0
274736;19558646;0;1;0
275992;8099391;0;1;0
279434;4219825;1;1;1
302788;13546562;0;1;1
302788;22597584;0;1;1
308659;12507322;0;1;1
309144;2840038;0;1;0
309358;10221913;0;1;1
313401;6472241;0;1;0
321477;24930942;0;1;0
322040;24368743;0;1;0
322218;11649260;0;1;0
325670;17140398;1;1;0
333913;18681563;0;1;1
342741;23407894;1;1;1
347466;458226;0;1;1
347737;22558340;0;1;1
359085;17801141;0;1;0
370015;24579709;0;1;0
379260;24497373;0;1;1
383505;17488935;1;1;0
383739;10225621;0;1;1
390167;18408928;0;1;0
405702;19430441;1;1;1
431328;8354370;0;1;0
453696;24195367;0;1;0
457394;7651096;0;1;1
462416;20555650;1;1;1
466761;6196377;0;1;1
470855;656486;0;1;0
472645;2006426;0;1;1
481400;17830278;0;1;0
497031;10442515;1;1;1
524187;14036090;0;1;1
538368;17868006;0;1;0
560517;11767057;0;1;0
563151;17536755;0;1;0
571338;2325844;0;1;1
579653;12671315;0;1;0
581005;24006890;0;1;0
588573;4816779;0;1;1
594892;7999320;0;1;1
594892;9446025;0;1;1
594892;20951780;0;1;1
596263;1129388;0;1;0
597825;5079654;0;1;1
607955;1173262;0;1;1
614653;5504193;0;1;1
619685;18839671;0;1;1
623670;17444950;0;1;0
659195;7382146;0;1;0
670823;12150049;0;1;1
694652;20125639;0;1;1
721557;16789873;0;1;0
721557;24553560;0;1;0
731724;19456054;0;1;1
742731;20182065;0;1;1
762046;14191800;0;1;1
774506;16095630;0;1;0
776198;18602137;0;1;0
788091;20457617;0;1;1
792640;5753055;0;1;0
805976;13064866;0;1;0
815277;2056611;1;1;1
844721;3464811;0;1;1
844842;22437697;1;1;1
844842;24219927;0;1;0
857099;10953280;0;1;0
881080;18787833;0;1;1
888373;1584445;0;1;0
888373;4951334;0;1;0
889686;646724;0;1;1
906663;6095650;0;1;1
910021;20720556;0;1;0
933118;466706;0;1;0
939271;13072536;1;1;1
943448;18264175;1;1;1
945627;9379554;0;1;0
951260;9474739;0;1;1
955730;11304107;0;1;0
971938;23622830;0;1;0
974763;8340215;0;1;0
974763;21898391;0;1;1
992127;16605951;1;1;1
993807;19639960;0;1;0
1017191;11434282;0;1;0
1021409;1272213;0;1;1
1024045;17248182;0;1;0
1025585;11068638;0;1;1
1025585;21081093;0;1;0
1042417;1104731;0;1;1
1043017;22316739;0;1;0
1049444;4355608;1;1;1
1064533;19101062;0;1;1
1080450;18885048;0;1;1
1084123;17428169;0;1;1
1087307;5192106;0;1;0
1100574;24758541;0;1;1
1107786;21880663;0;1;0
1115703;16927366;0;1;1
1121757;20010078;0;1;0
1126949;20730928;0;1;0
1128491;16744344;0;1;1
1155484;5029821;0;1;1
1155484;22454638;0;1;1
1157864;8221611;0;1;1
1189878;9077250;0;1;0
1197485;10240808;0;1;0
1197485;15932140;0;1;0
1197485;22347032;0;1;0
1201118;23779188;0;1;1
1204070;15283767;0;1;0
1208302;22057116;0;1;0
1216093;8153727;0;1;1
1217890;11162773;1;1;1
1226107;23039402;0;1;1
1229751;23472222;0;1;1
1250591;21793967;0;1;1
1254769;4240739;1;1;1
1270825;8544382;0;1;1
1273045;16991433;0;1;1
1288502;17941395;0;1;0
1295683;11504876;0;1;0
1300018;6655398;0;1;1
1301683;20245061;0;1;1
1323806;11812139;0;1;0
1326757;18502176;0;1;0
1329786;4171179;0;1;0
1330674;20657533;1;1;1
1332592;20805667;0;1;1
1361962;13050102;0;1;1
1369699;14834651;0;1;1
1377638;20137901;0;1;0
1381268;24445928;1;1;1
1405034;6766921;0;1;1
1406669;5456239;0;1;0
1423658;15808547;0;1;0
1423658;20814833;0;1;0
1427097;19321871;0;1;1
1432886;10410932;0;1;1
1436681;8480469;1;1;1
1440237;12554891;1;1;1
1447125;7922084;0;1;1
1460677;5385570;0;1;1
1470778;3241776;0;1;1
1485884;19687194;0;1;0
1485884;19753242;0;1;0
1498112;1206696;0;1;1
1512562;8114731;0;1;0
1525654;6440372;0;1;1
1542159;1643261;1;1;0
1556513;15043501;0;1;1
1556513;21379506;0;1;1
1566160;11657739;0;1;1
1573933;13147885;0;1;0
1574298;23802989;1;1;1
1577932;178315;0;1;1
1577932;4376049;0;1;0
1577932;6909445;0;1;0
1578474;12159045;1;1;1
1592065;1037217;0;1;0
1593530;9151152;0;1;1
1594869;22038854;0;1;1
1614064;15726643;0;1;1
1637609;12971972;0;1;0
1637609;18959082;0;1;0
1656094;597825;0;1;1
1656094;5079654;0;1;1
1698776;718947;0;1;1
1717404;21931398;0;1;0
1763381;1525603;0;1;0
1764651;2142814;0;1;1
1786488;11266089;0;1;0
1786488;24275981;0;1;0
1795585;3742097;0;1;1
1807664;23111614;0;1;1
1841474;16619691;0;1;1
1841940;1313944;0;1;1
1849837;23421600;0;1;1
1852730;9317312;0;1;0
1854014;14082106;0;1;0
1880879;5242871;0;1;0
1885020;11082984;0;1;0
1889639;16788261;0;1;1
1894231;9187070;0;1;0
1895156;15766620;0;1;1
1914609;11327327;0;1;0
1917798;3259312;0;1;1
1933270;3869360;0;1;1
1944125;17578030;0;1;0
1944631;1025535;0;1;1
1990817;18011926;1;1;1
1992585;18013684;1;1;1
1999666;9225756;0;1;0
2001455;19795664;0;1;1
2010962;3906353;0;1;1
2011771;12959031;0;1;0
2047200;588066;0;1;0
2060850;364641;0;1;1
2064846;11630996;0;1;1
2067875;20327642;1;1;1
2068514;15419574;0;1;1
2069619;3766574;0;1;0
2072373;14874089;0;1;0
2072444;19092093;0;1;0
2075786;15351054;0;1;1
2075786;17534492;0;1;1
2080199;4903729;0;1;0
2085519;6229863;0;1;1
2094605;17708676;0;1;0
2094605;21405285;0;1;1
2096067;9335245;0;1;0
2108041;18202936;0;1;0
2110211;1701086;0;1;1
2125358;5763285;1;1;1
2129825;21798954;0;1;0
2151257;377838;0;1;0
2152987;10196149;0;1;1
2154342;16221295;0;1;1
2157900;9267342;0;1;1
2158092;555796;1;1;1
2158624;18946877;0;1;1
2160136;13155607;0;1;1
2166129;14339474;0;1;1
2169716;23277704;0;1;0
2169788;15419702;1;1;1
2170557;11999948;0;1;0
2186359;16694318;0;1;1
2189231;13907861;0;1;1
2192847;20922498;0;1;0
2193666;23214092;1;1;0
2202521;24179932;0;1;1
2215562;14391404;0;1;0
2227540;8346524;0;1;1
2227540;16832631;0;1;1
2242904;26759;0;1;1
2246326;6852857;0;1;1
2258459;4164000;1;1;1
2267247;16682639;0;1;0
2283521;20410737;0;1;0
2290967;17066664;0;1;1
2291213;7734562;0;1;1
2309523;7612856;0;1;1
2317307;16837470;1;1;1
2317412;18383454;0;1;1
2317936;15489267;0;1;0
2318138;12428729;0;1;0
2334160;5815443;0;1;1
2335532;347466;0;1;1
2335532;458226;0;1;1
2341587;12690268;1;1;0
2342555;4582364;0;1;0
2362476;24049195;0;1;1
2374178;12471773;0;1;1
2385343;8861516;0;1;0
2407795;8794569;0;1;0
2416544;17450087;0;1;1
2418277;8454898;0;1;0
2418277;22270281;0;1;0
2419063;4886535;1;1;1
2424368;10503540;1;1;0
2427119;7011854;0;1;1
2430989;193165;1;1;1
2434352;17384385;0;1;0
2450544;2682774;0;1;1
2456208;3028284;0;1;1
2474394;12124284;0;1;0
2475558;19508522;0;1;1
2522899;13483920;0;1;0
2537209;24433798;0;1;0
2557971;15904889;0;1;0
2564771;12812883;1;1;1
2569801;20970363;0;1;0
2574675;23936302;1;1;0
2579908;22117984;1;1;1
2612495;22032085;0;1;0
2627744;13198427;0;1;0
2631726;12711424;0;1;0
2641861;4863089;0;1;1
2653502;10562905;1;1;1
2658496;5370387;0;1;1
2664078;16889496;0;1;1
2666254;12642663;0;1;1
2666254;24478863;0;1;1
2682505;7150567;0;1;1
2690773;16504054;0;1;1
2693450;15942617;1;1;1
2720911;14427433;0;1;1
2721979;7252341;0;1;0
2723778;9270314;0;1;1
2736410;1128666;0;1;0
2740931;21086468;0;1;1
2746974;22631342;1;1;1
2755089;5998310;0;1;1
2755089;9430300;0;1;1
2755089;21675039;0;1;1
2758577;8252338;0;1;1
2758577;13911246;0;1;1
2773059;21227785;0;1;0
2774598;13142270;0;1;0
2775973;7148200;0;1;1
2792696;23651390;0;1;0
2792696;23951503;0;1;0
2801715;22738892;0;1;0
2805521;9225552;0;1;1
2807413;5364722;0;1;0
2807413;15163317;0;1;1
2807413;22563880;0;1;1
2814499;24507391;1;1;1
2820968;16662791;0;1;0
2820968;17670623;0;1;0
2833813;16184847;1;1;1
2844823;20569711;0;1;0
2846526;964925;0;1;0
2865407;4482822;0;1;1
2877368;7333300;0;1;0
2887827;19336015;0;1;1
2890101;2707484;0;1;0
2890101;4232489;0;1;0
2906267;10809069;0;1;0
2908570;17996591;0;1;1
2909729;14416077;0;1;0
2922985;10941631;0;1;1
2939573;15536449;0;1;1
2942489;14025175;0;1;1
2942489;24604470;0;1;1
2950494;11885515;0;1;1
2950494;17878380;0;1;1
2961487;9811542;0;1;1
2963282;14469314;0;1;0
2963282;19497416;0;1;0
2963359;230336;0;1;1
2976562;20395933;0;1;0
2985098;4004976;0;1;1
2985098;12356881;0;1;1
2994979;598932;0;1;0
2997018;11659679;0;1;1
3000412;10590330;0;1;1
3017413;7369040;0;1;0
3017413;10738615;0;1;0
3026629;18079784;1;1;1
3040270;20129571;1;1;1
3040939;11009120;0;1;1
3040939;13578185;0;1;0
3042726;5259958;0;1;1
3051339;7516666;0;1;0
3052411;23448788;0;1;1
3065282;11609779;1;1;1
3068804;6085905;0;1;1
3078048;17353268;0;1;1
3101629;10043472;1;1;1
3104937;9760031;0;1;1
3104937;23586245;0;1;1
3114623;18502047;0;1;1
3133415;23369490;0;1;0
3139036;14520444;0;1;0
3158739;11529052;0;1;0
3159694;11372013;0;1;1
3166789;23807005;0;1;0
3179899;10690343;0;1;0
3180728;16187402;0;1;0
3185875;7488987;0;1;0
3188318;20745168;0;1;1
3194362;14379250;0;1;1
3208923;4502998;0;1;0
3216725;1699164;1;1;1
3238771;21579430;0;1;1
3240161;530992;0;1;1
3241203;14039770;0;1;1
3247070;22821704;0;1;1
3248127;16861209;0;1;1
3263327;16920139;0;1;1
3271220;12158553;0;1;0
3291533;18137875;0;1;0
3295863;5905718;0;1;1
3331492;1618267;0;1;0
3332284;9524440;0;1;0
3332609;18717834;1;1;1
3333188;10166670;0;1;1
3336215;18542711;0;1;1
3363714;4083671;0;1;1
3373612;3213829;0;1;0
3375574;8687622;0;1;1
3375772;1828408;0;1;0
3393142;16586466;0;1;1
3393142;22812977;0;1;1
3413103;18800727;0;1;1
3415574;9142909;0;1;1
3422855;11325114;0;1;0
3429728;8821714;0;1;1
3441544;15209206;0;1;0
3450222;23844052;1;1;1
3470481;11502933;0;1;0
3473850;5960526;0;1;0
3479603;10866395;0;1;1
3490379;23249621;1;1;1
3505014;10921505;0;1;1
3508558;15781650;0;1;1
3513835;5426537;0;1;0
3513835;11503877;0;1;0
3514856;5015354;1;1;1
3520331;18643185;0;1;1
3521039;11462585;0;1;1
3522643;21560850;0;1;0
3536469;22331588;0;1;0
3564530;23489488;0;1;0
3585047;8824052;1;1;1
3598456;8656217;0;1;0
3608376;19482655;0;1;1
3610674;14483896;0;1;0
3615955;17110561;0;1;1
3630530;7022656;0;1;0
3636090;14795220;0;1;0
3638361;16859041;0;1;1
3648600;23840781;1;1;1
3654022;14712042;1;1;1
3656857;2341438;0;1;0
3698995;187087;0;1;1
3699528;16790313;0;1;1
3699528;20030195;0;1;0
3705776;17420594;0;1;0
3705776;21475926;0;1;0
3719490;18945832;0;1;0
3721943;3432364;0;1;1
3723910;6693167;0;1;0
3734061;4580190;0;1;1
3753926;8232264;0;1;1
3754163;2067711;0;1;1
3756910;5758309;0;1;0
3759544;1189878;0;1;0
3759544;9077250;0;1;0
3760039;15859183;0;1;1
3771019;23570397;1;1;0
3773492;9445658;1;1;1
3785296;6788417;0;1;1
3796287;16078883;1;1;1
3796552;18876524;0;1;0
3796603;4178489;1;1;1
3803471;9034799;0;1;0
3807105;12535637;0;1;1
3822857;8761065;0;1;0
3828866;6001106;0;1;0
3850564;13281431;0;1;1
3851728;16679574;0;1;1
3851837;24246828;1;1;1
3867862;10958359;0;1;0
3877321;4956111;0;1;1
3877321;9917544;0;1;1
3878777;19482822;0;1;0
3878777;24248899;0;1;0
3889845;2215339;0;1;1
3889845;7744607;0;1;1
3896061;9433740;0;1;1
3917845;17701610;1;1;0
3919299;2615330;0;1;1
3922243;22225905;0;1;1
3933425;24566697;0;1;0
3936238;7332464;0;1;1
3936330;7853195;0;1;1
3938895;2240446;0;1;0
3944341;18334832;1;1;1
3964225;5527592;0;1;0
3965911;20902674;0;1;1
3970417;1562974;1;1;1
3974497;24397782;0;1;1
3982213;5006379;0;1;1
3983355;7129213;0;1;0
3997384;474650;0;1;0
3997384;10453723;0;1;0
4000243;16553811;0;1;1
4003471;9092216;0;1;1
4003471;9860589;0;1;1
4007565;16434213;1;1;1
4014053;18418577;0;1;0
4015974;22448479;0;1;0
4028921;5844012;0;1;1
4030158;962527;0;1;0
4045429;6333773;0;1;0
4047784;3514126;1;1;1
4053502;14636467;0;1;0
4056782;10025605;0;1;0
4057177;24856587;0;1;0
4059582;6720362;0;1;0
4063556;15811513;1;1;1
4068718;226114;0;1;1
4068718;2351192;0;1;1
4080284;3320553;0;1;1
4129269;21781942;0;1;0
4141720;17081121;0;1;1
4142588;2854478;0;1;0
4144194;20515604;0;1;1
4148432;20950406;0;1;1
4156866;13669822;0;1;1
4176690;7181763;0;1;0
4176690;19160695;0;1;0
4199937;19563082;0;1;1
4217524;17018762;0;1;1
4226820;15941048;0;1;1
4232489;2707484;0;1;0
4240122;10750375;0;1;0
4248558;12847290;0;1;0
4262338;9501866;1;1;1
4262561;6902549;0;1;0
4276715;5569022;0;1;1
4277634;7349200;0;1;0
4280319;24040424;0;1;1
4307419;12286223;0;1;1
4308333;20170606;0;1;1
4311017;11387271;0;1;0
4312366;22598958;0;1;0
4362173;13609482;0;1;0
4363699;5167158;0;1;0
4371021;16888736;0;1;1
4378952;24992851;0;1;1
4386128;23943253;1;1;1
4396875;3586277;0;1;0
4404027;11784907;0;1;0
4415160;23971434;0;1;0
4423466;3508558;0;1;1
4423466;15781650;0;1;1
4429909;1742829;0;1;1
4429909;13978039;0;1;1
4429909;24821192;0;1;1
4435723;19822578;1;1;1
4438288;16586065;0;1;0
4447068;10373187;0;1;0
4453399;4276715;0;1;1
4453399;5569022;0;1;1
4462308;7720917;0;1;0
4463539;359617;0;1;1
4466735;4881035;0;1;0
4495999;17104239;0;1;0
4498159;8390818;0;1;1
4504223;22347069;0;1;0
4508184;5576721;1;1;1
4508977;15097048;0;1;0
4516649;15061576;0;1;1
4516649;21439037;0;1;1
4537365;10146133;0;1;1
4554155;5192012;0;1;0
4566427;23193779;0;1;0
4570366;15066454;0;1;0
4572852;20457975;0;1;0
4578206;15356951;0;1;0
4580734;23453276;0;1;0
4583153;22695208;0;1;1
4586712;7458537;1;1;1
4596921;20979523;0;1;1
4610249;2342878;0;1;0
4615937;16467788;0;1;0
4616385;22774351;1;1;0
4621666;6875750;0;1;1
4625256;18907956;0;1;1
4631762;3538157;0;1;1
4632494;8825943;0;1;1
4633680;10562667;1;1;0
4635960;18875431;0;1;1
4683576;8526060;0;1;0
4683576;18614787;0;1;0
4692857;14710421;0;1;1
4726058;18169859;0;1;0
4733056;11676022;1;1;1
4744287;1973170;1;1;1
4744287;8381954;1;1;1
4776882;16164744;0;1;1
4779065;21971129;1;1;1
4782431;21946074;0;1;0
4826141;12910399;1;1;0
4831140;13523588;0;1;1
4836555;16500067;0;1;0
4841538;23124779;0;1;0
4854263;5115927;0;1;0
4858024;14240513;0;1;1
4861594;4497095;0;1;1
4867946;2388052;0;1;1
4868077;58838;1;1;1
4895820;1589657;1;1;1
4898589;21525122;0;1;0
4917340;3917845;0;1;0
4917340;17701610;0;1;0
4917340;22508733;0;1;0
4951334;1584445;1;1;0
4956111;9917544;0;1;1
4961268;17986445;0;1;1
4973047;2139327;0;1;0
4994992;22610411;0;1;1
4996449;17898518;0;1;0
5000466;8378744;0;1;0
5006699;8066888;0;1;0
5012331;23959053;0;1;1
5020354;4158617;0;1;0
5028446;1641829;0;1;0
5029821;22454638;0;1;1
5036313;19121679;0;1;1
5048277;11954067;0;1;0
5048360;3227154;0;1;1
5052797;23486984;0;1;1
5056485;17320841;0;1;1
5060779;2592225;1;1;1
5072824;1590613;0;1;1
5084858;16845540;0;1;1
5087341;10210502;0;1;1
5088093;3445707;0;1;0
5102231;19700090;0;1;0
5110716;20072850;0;1;0
5126962;22452618;0;1;1
5130377;10412535;0;1;1
5131131;17537320;1;1;1
5135135;24939125;0;1;0
5140338;15379097;0;1;0
5159378;11191171;0;1;1
5160645;19416810;0;1;0
5162393;14939420;0;1;1
5190357;4356242;1;1;0
5190401;22895890;0;1;0
5198297;10022112;0;1;1
5211079;4786177;0;1;0
5211079;8756313;0;1;0
5213464;8577843;0;1;0
5214490;24641647;0;1;1
5228790;12243439;0;1;1
5228863;1895156;0;1;0
5228863;15766620;0;1;0
5233380;10538355;0;1;1
5243732;3291219;0;1;0
5266171;7068383;0;1;1
5266920;20695216;0;1;1
5270675;18519792;1;1;1
5305952;24473351;0;1;1
5311472;9305189;0;1;1
5312850;10241806;1;1;0
5336393;24148530;0;1;1
5348662;15531927;0;1;1
5349411;12237215;0;1;1
5364722;15163317;0;1;0
5369109;13858104;0;1;0
5387611;23571825;0;1;0
5390662;13022147;0;1;0
5395860;12516321;0;1;1
5402041;15385525;0;1;0
5408355;3799386;0;1;1
5433749;9402576;0;1;1
5445436;18177282;0;1;0
5448725;2509231;0;1;0
5450669;11135640;0;1;1
5460461;15854665;0;1;1
5473024;7241123;0;1;0
5475295;1590951;0;1;0
5475295;10926308;0;1;0
5477587;5389019;0;1;0
5483290;20233991;1;1;1
5495796;5804041;0;1;1
5503268;18443381;0;1;0
5512559;20620623;0;1;1
5534711;24760002;0;1;0
5539350;23351304;0;1;0
5561097;3616420;0;1;0
5564574;9229021;0;1;0
5579396;439603;1;1;1
5592398;7188445;0;1;1
5592722;23216220;1;1;1
5601475;20877147;0;1;1
5603894;24173720;0;1;1
5605040;8837852;0;1;0
5610839;5076525;1;1;1
5615025;22367174;0;1;1
5620314;1714032;0;1;1
5630997;15807174;0;1;1
5632745;14297122;0;1;1
5632745;16424895;0;1;1
5642558;6602364;0;1;0
5653869;14314763;0;1;0
5666294;24482261;0;1;0
5666702;11230374;0;1;0
5672086;1240488;0;1;1
5673577;22376162;0;1;0
5678014;18091092;0;1;1
5686791;18082455;1;1;1
5721438;13348419;0;1;1
5735152;2493401;0;1;0
5747262;16960524;0;1;1
5763227;23889801;0;1;1
5845019;10724164;1;1;1
5863763;18939045;0;1;1
5863763;20912504;0;1;1
5868241;6175281;0;1;1
5868241;12839285;0;1;1
5879211;12276307;0;1;0
5879211;18340640;0;1;0
5879211;20298717;1;1;0
5884941;5849376;0;1;1
5891706;2851606;0;1;1
5907213;15742499;0;1;0
5915387;8377896;0;1;1
5919223;19150227;0;1;0
5943620;10301202;1;1;1
5948357;8617915;1;1;1
5951542;21924511;0;1;1
5954093;18072950;0;1;0
5978342;1395656;0;1;0
5980926;7149939;1;1;1
5980926;13991679;1;1;1
5998310;9430300;0;1;1
6008866;5266171;0;1;1
6008866;7068383;0;1;1
6018074;6632696;0;1;0
6029607;620;0;1;1
6031488;2499589;0;1;0
6047477;3529958;0;1;0
6061366;23443281;0;1;0
6065473;1987119;0;1;0
6082766;17669;0;1;1
6087656;6682934;0;1;0
6089460;1651885;0;1;0
6093985;4027608;0;1;0
6097848;12096949;0;1;1
6097848;13112288;0;1;1
6102644;3181614;0;1;0
6102941;16249103;1;1;1
6127068;8467732;0;1;0
6147252;333913;0;1;1
6147252;18681563;0;1;1
6151614;8964273;0;1;1
6188012;2658496;0;1;1
6188012;5370387;0;1;1
6190693;1040359;0;1;1
6205515;24573444;0;1;1
6227025;784947;1;1;1
6234279;17319036;0;1;1
6264169;18248727;0;1;0
6265700;18830941;0;1;1
6274295;2115550;0;1;1
6286956;14512704;1;1;1
6290035;8030758;0;1;0
6299787;10493566;0;1;1
6323003;607955;0;1;0
6323003;1173262;0;1;0
6327116;22958023;0;1;1
6334211;10098264;0;1;1
6353023;6864447;0;1;1
6353503;23560865;0;1;1
6372801;2946855;0;1;0
6384455;1590951;0;1;0
6384455;5475295;0;1;0
6384455;10926308;0;1;0
6391205;3601064;0;1;1
6396330;9317852;0;1;0
6400437;23474263;0;1;0
6400437;24015083;0;1;0
6406842;19178386;0;1;1
6410317;16601610;0;1;0
6410317;23119939;1;1;1
6418663;17483212;0;1;1
6425632;7913854;0;1;0
6425632;20713650;0;1;0
6458916;4061727;0;1;0
6476617;5665129;1;1;1
6485540;9588260;1;1;1
6489222;6606284;0;1;0
6495021;10874465;0;1;1
6506106;17028111;0;1;0
6510185;15748393;0;1;0
6518935;13609482;0;1;0
6521308;9725388;1;1;1
6521630;14456178;0;1;1
6523700;22011659;1;1;1
6546714;22798348;0;1;0
6550528;21000716;0;1;1
6551067;17688829;0;1;0
6551067;18959020;0;1;0
6551872;2243078;0;1;1
6556334;8220928;0;1;0
6564145;2317307;0;1;1
6564145;16837470;0;1;1
6565954;23554037;1;1;1
6567430;20208478;0;1;0
6570886;9569778;0;1;1
6614543;3308906;1;1;1
6623435;24246020;0;1;0
6639487;13412660;0;1;1
6664067;14856545;0;1;0
6667201;21904411;1;1;1
6667661;21840092;0;1;0
6668230;13158860;0;1;1
6672524;3916930;0;1;0
6673913;10575264;0;1;0
6673913;15713881;0;1;0
6677356;15779804;1;1;0
6688370;21364233;0;1;0
6690894;1085136;0;1;0
6697136;11256978;0;1;1
6712354;9221614;0;1;1
6713969;15532618;0;1;1
6715638;17428183;0;1;0
6724965;3295863;0;1;0
6724965;5905718;0;1;0
6733124;15128495;0;1;0
6744384;4771737;0;1;0
6772060;15297372;0;1;0
6772060;18227046;0;1;0
6781476;16918012;0;1;1
6802083;18719252;0;1;0
6812884;13682642;1;1;1
6841102;1715800;0;1;0
6852060;19941624;0;1;1
6852838;1387978;0;1;1
6882158;19390997;0;1;0
6894491;19693885;0;1;1
6909445;4376049;0;1;0
6918282;8093920;1;1;0
6961687;1831744;0;1;0
6975253;5287900;0;1;0
6993779;14073534;0;1;1
7012538;6102890;0;1;1
7012599;1072749;0;1;0
7012599;8301793;0;1;0
7016993;14711704;1;1;1
7019911;24732287;0;1;0
7027538;7178787;0;1;0
7036123;13775759;1;1;1
7047433;19430838;0;1;0
7058883;8218031;0;1;0
7058883;15568402;0;1;0
7068394;646724;0;1;1
7068394;889686;0;1;1
7075023;327632;0;1;0
7078047;15966006;0;1;0
7088743;8792104;1;1;1
7088818;12674236;0;1;0
7088818;16606863;0;1;0
7088957;21783945;0;1;1
7131125;13056381;0;1;0
7132765;7686733;0;1;1
7147230;23703088;1;1;1
7154605;19988756;0;1;1
7181763;19160695;1;1;1
7194996;21427382;0;1;1
7214493;6496272;0;1;0
7214493;7856356;0;1;1
7215510;3473850;0;1;0
7215510;5960526;0;1;0
7219600;13285784;0;1;1
7221548;20499425;0;1;1
7227026;11297822;1;1;1
7275690;20603576;0;1;1
7301281;20074457;0;1;1
7301492;23506135;0;1;1
7303144;15295040;0;1;1
7304788;3523449;0;1;1
7311666;14314822;0;1;1
7316785;8645663;0;1;1
7321532;6396330;0;1;1
7321532;9317852;0;1;0
7323134;2478151;0;1;1
7323134;21391833;0;1;1
7327504;1993267;0;1;1
7329670;13984814;0;1;0
7329670;15665667;0;1;0
7329670;18711430;0;1;0
7345850;1873778;0;1;0
7356961;21327704;0;1;1
7375907;20454546;0;1;0
7379539;5049466;1;1;0
7384749;5604342;0;1;1
7393210;1505482;0;1;0
7393210;13894682;0;1;0
7404063;14583346;0;1;1
7417425;5070871;0;1;0
7419323;21888801;0;1;1
7444679;11627978;0;1;0
7448628;5847088;1;1;1
7454788;4542336;0;1;0
7496192;6535543;0;1;1
7503449;3096952;0;1;0
7503449;12189781;0;1;1
7510333;8934360;0;1;1
7537562;4609124;0;1;1
7554685;9752384;0;1;1
7559317;7344221;0;1;0
7561426;14169347;0;1;1
7567706;20781703;0;1;0
7587121;3512306;0;1;1
7591903;15602775;1;1;0
7612577;23284794;0;1;0
7630478;5532644;0;1;0
7637247;18852423;1;1;1
7640145;2675307;1;1;1
7646511;15047132;0;1;1
7656902;23220461;0;1;1
7660885;2972573;0;1;0
7664364;12761448;0;1;0
7664364;19246104;0;1;0
7664364;19305930;0;1;0
7679986;17393585;1;1;1
7681246;18802898;0;1;1
7681646;945627;0;1;0
7681646;9379554;0;1;0
7689446;21051125;0;1;0
7689808;4052921;1;1;1
7694203;23957953;0;1;1
7705175;19417562;0;1;1
7725216;16565584;0;1;1
7732993;21960236;0;1;0
7742496;5738548;0;1;1
7744607;2215339;0;1;1
7767885;6179705;1;1;0
7772753;8904926;0;1;0
7774935;17788199;1;1;1
7777038;23514591;0;1;1
7782861;2653502;0;1;1
7782861;10562905;0;1;1
7783004;16041316;0;1;0
7786908;10401235;0;1;1
7788476;13068566;0;1;1
7792677;7359357;1;1;1
7796506;11272954;0;1;1
7803011;15494043;1;1;1
7811555;9616138;1;1;1
7815368;24643104;0;1;1
7819693;11843121;0;1;0
7819772;3936126;0;1;0
7823869;8205724;0;1;1
7827440;9060639;1;1;1
7860375;23789330;0;1;1
7868572;9949603;0;1;1
7868572;17639841;0;1;1
7878982;24953795;0;1;1
7882036;16929995;0;1;0
7882036;21142629;0;1;0
7887051;4285922;0;1;1
7892056;13630454;0;1;0
7909958;23742788;0;1;1
7927397;20404504;0;1;0
7928291;22700532;0;1;0
7931033;6371488;1;1;1
7936181;20440421;0;1;0
7941460;1983033;0;1;1
7941460;10301604;0;1;1
7946177;8426719;0;1;0
7965997;14981529;0;1;1
7967703;20613405;0;1;1
7977298;13380769;0;1;1
7977957;21947030;0;1;0
7979505;10248428;0;1;0
7991829;15568164;1;1;0
7996927;6320529;0;1;1
7999320;20951780;0;1;1
8010120;5653819;0;1;0
8014772;21600598;0;1;0
8032310;3692550;0;1;0
8036296;20035036;0;1;1
8049416;14253402;0;1;0
8071764;16385003;0;1;0
8085624;175711;1;1;1
8088090;5501265;0;1;1
8088090;11742050;0;1;1
8088090;22229374;0;1;1
8133727;22157257;0;1;1
8136749;6764284;0;1;0
8142099;3255085;0;1;0
8148733;14754770;0;1;1
8179048;3600036;0;1;0
8192648;13288209;0;1;1
8197011;7171275;0;1;1
8204434;3554747;0;1;0
8218031;15568402;0;1;0
8223968;21863852;0;1;1
8239225;20213397;0;1;0
8246324;8449165;0;1;1
8248031;5856360;0;1;0
8248062;10836561;0;1;1
8248062;17170417;0;1;1
8252338;13911246;0;1;1
8253315;20188832;0;1;1
8262644;3692550;0;1;0
8262644;8032310;0;1;0
8283750;182066;0;1;0
8283750;6490196;0;1;0
8301793;1072749;0;1;0
8306328;22030429;0;1;0
8310613;23379050;1;1;0
8326122;21885148;0;1;1
8326122;22057563;0;1;1
8346451;4938797;0;1;1
8346524;16832631;0;1;0
8348731;7480751;0;1;0
8356237;3996771;0;1;0
8361723;24341436;0;1;1
8367435;24570359;0;1;1
8372601;12592172;0;1;0
8377703;23731304;0;1;1
8381954;1973170;1;1;1
8383509;15952027;0;1;0
8388490;21490812;0;1;0
8388801;7528821;0;1;0
8392031;193346;0;1;1
8412419;10726923;0;1;1
8419145;21236264;1;1;1
8420546;23907834;1;1;1
8431123;6450108;0;1;1
8434825;5339741;0;1;0
8443340;4704864;1;1;0
8453436;15294719;1;1;1
8454898;22270281;0;1;0
8460817;7646511;0;1;0
8460817;15047132;0;1;0
8479088;10714903;0;1;0
8486700;22945386;0;1;1
8495675;2491444;0;1;1
8497825;3691865;1;1;1
8498395;14098025;0;1;1
8517406;2172954;0;1;0
8554278;18248876;0;1;0
8558599;14534982;1;1;1
8579676;3820314;0;1;1
8582670;1206732;1;1;1
8589624;22354617;1;1;0
8596251;19426468;0;1;1
8618562;11408734;0;1;1
8619031;148471;0;1;0
8619031;2795321;0;1;0
8626728;9697292;0;1;0
8632452;18931897;0;1;1
8634763;2168335;0;1;0
8651878;5103327;0;1;0
8659030;2414367;0;1;0
8663201;11596792;0;1;1
8696569;501408;0;1;1
8698621;1187978;0;1;0
8699470;406240;0;1;1
8702109;12893348;0;1;0
8711792;4452802;0;1;1
8716077;11428386;0;1;1
8719326;23596156;0;1;0
8724247;12089991;0;1;0
8739308;15614716;0;1;1
8744149;15918910;0;1;1
8756313;4786177;0;1;1
8759300;16235701;1;1;1
8760555;11219584;0;1;1
8761701;3866447;0;1;1
8774404;21004138;0;1;1
8783957;21034454;0;1;0
8806179;487140;0;1;1
8830654;22438845;1;1;0
8831594;22863207;0;1;0
8850060;19826213;0;1;0
8853192;10229574;0;1;1
8853316;5115195;1;1;0
8853640;15383146;0;1;0
8889493;7236087;0;1;1
8899133;3413609;0;1;0
8899133;12579298;0;1;0
8899133;17062066;0;1;0
8913154;18195570;0;1;0
8917917;20566706;1;1;1
8942047;12465483;0;1;1
8948950;2887827;0;1;1
8948950;19336015;0;1;1
8954569;3614791;1;1;1
8954601;13869813;0;1;1
8970838;18544998;0;1;1
8973848;5664518;0;1;1
8976963;14897809;0;1;0
8981431;3775052;0;1;0
8989366;22673720;1;1;1
9001395;2785565;0;1;1
9002063;2222953;0;1;0
9002063;17190815;0;1;0
9002063;18575518;0;1;0
9011877;16218635;0;1;1
9014283;3936137;0;1;0
9027195;22427581;0;1;1
9029453;5167350;0;1;0
9058105;22653842;0;1;1
9068379;17012690;0;1;1
9081049;3056577;0;1;0
9088069;9871603;0;1;1
9113757;14755368;0;1;0
9126072;2014562;0;1;0
9126310;2580507;0;1;0
9130725;19664749;0;1;1
9155789;8759784;0;1;0
9158712;8085928;1;1;0
9159407;220415;0;1;0
9175298;10226111;0;1;1
9185159;20233281;0;1;1
9189008;3422522;0;1;0
9195010;18604014;1;1;0
9216284;11835489;0;1;0
9216462;17436794;0;1;0
9223489;3042726;0;1;0
9223489;5259958;0;1;0
9257020;17439051;0;1;0
9264719;1332592;0;1;1
9264719;18903978;0;1;0
9264719;20805667;0;1;1
9271405;6400437;0;1;0
9271405;23474263;0;1;0
9271405;24015083;0;1;0
9287623;2345733;0;1;1
9295579;23597481;0;1;1
9296799;22077785;0;1;0
9309154;4407911;0;1;0
9326858;21686516;0;1;0
9333162;4521887;0;1;0
9333162;20872771;0;1;0
9335457;21295737;0;1;1
9366717;21747478;0;1;0
9368603;19551301;0;1;1
9373550;6895362;0;1;0
9390460;7993352;0;1;0
9400832;18689227;0;1;1
9407408;21575239;0;1;0
9430064;23789330;0;1;0
9430559;15306036;1;1;0
9438615;23875272;0;1;0
9445598;20547707;0;1;0
9446025;7999320;0;1;1
9446025;20951780;0;1;1
9452779;12044119;0;1;0
9472977;17638594;0;1;1
9472977;18677032;0;1;1
9475049;15116149;0;1;1
9483991;22616672;0;1;1
9528945;18204126;0;1;1
9544553;14884607;1;1;0
9554168;18767877;0;1;1
9556798;8242139;0;1;0
9560458;12384183;1;1;0
9569293;14780921;0;1;0
9570725;24424312;0;1;1
9573540;10525839;0;1;0
9576602;8524729;0;1;0
9580011;19183757;0;1;0
9613454;10470494;0;1;0
9613454;14663953;0;1;0
9656000;7740477;0;1;1
9701087;3857380;0;1;0
9720774;2515440;0;1;0
9720774;16809158;0;1;0
9736089;7709316;0;1;1
9752779;22214314;0;1;0
9760031;23586245;0;1;1
9762865;11397213;0;1;1
9762865;14762214;0;1;1
9778665;4208370;0;1;1
9790313;4188355;0;1;1
9791684;11022286;0;1;0
9791684;11409204;0;1;0
9793170;23744280;0;1;0
9806799;3542314;0;1;0
9810977;19809493;0;1;1
9818632;10660833;1;1;1
9827302;5762860;0;1;1
9833127;16049195;0;1;1
9838360;18714045;1;1;1
9840220;15930217;0;1;0
9853590;7126531;0;1;0
9860589;9092216;0;1;1
9876198;9435051;0;1;1
9876204;5566795;0;1;1
9880143;8825861;0;1;0
9884559;6038883;0;1;0
9910679;17775894;0;1;1
9918421;19810731;1;1;1
9930653;24528929;0;1;1
9940820;16804628;0;1;0
9949603;17639841;0;1;1
9962432;4430463;0;1;1
9973083;12178819;0;1;1
9981802;15551186;0;1;0
9990800;7934877;0;1;0
10001203;11704900;1;1;1
10020331;7793129;0;1;0
10021166;23133794;0;1;1
10035094;9424532;0;1;1
10041185;12188947;0;1;1
10041978;3804336;0;1;0
10055384;12722135;0;1;0
10065068;19071797;0;1;0
10067140;20578358;0;1;1
10102311;5272043;0;1;0
10102311;14738103;0;1;1
10108581;14771817;0;1;0
10128958;4780913;0;1;0
10130567;20688549;0;1;1
10138602;6014205;0;1;0
10144344;1291548;0;1;0
10144344;18312868;0;1;1
10151511;12920565;0;1;0
10151951;10162535;0;1;0
10161869;4214903;0;1;0
10172521;11876589;1;1;1
10183335;16406064;0;1;0
10193141;24213518;0;1;1
10194864;6489738;0;1;0
10196326;10012018;0;1;1
10197189;6921455;0;1;0
10200131;552876;0;1;1
10202235;13035513;0;1;0
10229660;7122975;0;1;1
10231352;21166629;0;1;0
10231917;17290608;0;1;1
10232518;21915688;0;1;0
10235360;14917374;0;1;0
10257953;7345659;0;1;1
10260871;2673822;0;1;0
10266863;3417286;0;1;0
10273121;11106242;0;1;1
10273400;5233906;0;1;1
10275886;15104471;0;1;0
10287044;1944125;0;1;0
10287044;17578030;0;1;0
10292181;21551494;0;1;0
10293422;22277664;0;1;0
10294840;3850564;0;1;1
10294840;13281431;0;1;1
10301604;1983033;0;1;1
10326804;19642176;0;1;1
10343957;16732502;0;1;1
10346453;7289002;0;1;0
10346453;22200218;0;1;1
10351723;21869224;0;1;0
10362560;3702694;0;1;1
10363387;14024992;0;1;0
10367982;9153887;0;1;1
10403726;8208576;0;1;0
10421012;3975708;0;1;1
10432613;16871167;0;1;0
10435816;9951464;0;1;1
10440748;19403315;0;1;1
10451027;647444;0;1;0
10453723;474650;0;1;0
10480457;8601447;0;1;0
10484652;15724187;1;1;1
10488534;11206942;0;1;1
10521102;18103393;0;1;0
10522859;5717035;1;1;0
10526846;23229228;0;1;0
10546211;1549127;0;1;0
10553263;9084103;0;1;0
10564568;7964076;0;1;1
10578944;5883644;0;1;0
10579836;9922675;0;1;1
10579836;15549253;0;1;1
10579836;21362855;0;1;1
10580645;20829788;0;1;1
10597705;10509893;0;1;0
10597781;2395181;0;1;1
10616442;19241108;0;1;1
10626574;16515998;0;1;1
10626807;8406283;0;1;1
10641207;21322284;1;1;1
10650263;19075117;0;1;0
10653788;24827765;1;1;1
10661070;14364636;0;1;1
10667818;24663069;0;1;0
10700328;24436027;0;1;1
10718461;22887014;0;1;0
10738615;7369040;0;1;0
10741025;3596449;1;1;1
10755686;16881750;0;1;0
10757756;15776720;0;1;1
10762691;14618896;0;1;0
10767360;11200103;1;1;1
10768089;16025162;0;1;1
10778484;15784134;0;1;0
10778484;19618435;0;1;0
10780246;8575530;0;1;0
10790783;18828292;0;1;1
10813848;20828347;0;1;0
10819157;4136912;0;1;1
10823376;17787012;0;1;1
10836561;17170417;0;1;1
10841691;9585702;0;1;0
10845790;22926355;0;1;0
10849634;10529410;1;1;1
10853294;13582842;0;1;0
10879057;1439355;0;1;0
10879917;5790421;0;1;0
10891244;17436638;0;1;1
10899180;6978107;0;1;0
10899180;12144239;0;1;0
10899180;16740724;0;1;0
10899385;13135913;1;1;1
10902193;21120644;0;1;0
10903119;23186400;1;1;1
10907748;2970395;0;1;1
10926308;1590951;0;1;0
10945744;18247312;0;1;0
10961955;8316328;0;1;0
10972096;17592258;0;1;0
10972679;5632554;1;1;1
10977283;19256735;0;1;0
10992656;13685576;0;1;1
11007505;5382219;0;1;1
11009065;5979608;0;1;0
11009065;23645482;0;1;0
11009194;6861474;0;1;1
11018382;21639462;0;1;1
11019248;9518052;1;1;1
11022286;11409204;0;1;0
11032452;3024795;0;1;1
11033843;23775899;0;1;0
11044052;10153301;0;1;1
11052810;20329923;0;1;1
11062542;15562126;0;1;1
11068638;21081093;0;1;0
11072605;16983994;0;1;0
11073736;13761680;0;1;1
11092825;5393126;0;1;0
11099606;17680704;0;1;0
11118538;22214600;0;1;0
11121929;9592793;0;1;0
11135376;5075881;0;1;1
11149098;23648646;0;1;0
11149122;7433003;0;1;1
11174341;12182136;0;1;1
11187822;4238721;0;1;1
11205461;15591836;0;1;0
11227836;6737411;1;1;1
11227931;10702945;0;1;1
11227931;14157222;0;1;1
11227931;14434446;0;1;1
11266089;24275981;0;1;1
11272709;16746328;0;1;1
11312237;2448180;0;1;1
11316325;13789189;0;1;0
11318585;3179899;0;1;1
11318585;10690343;0;1;1
11347166;8805060;0;1;1
11349014;15117901;0;1;1
11352173;17241610;0;1;0
11361100;18457983;0;1;1
11363419;12755766;0;1;1
11367452;14547242;0;1;0
11389795;5281342;0;1;1
11412644;4725266;0;1;1
11412795;4897586;0;1;1
11431665;11440260;0;1;1
11444085;2481513;0;1;0
11447536;2157437;0;1;1
11451003;3872862;1;1;1
11452670;14173287;0;1;0
11453168;5632745;0;1;0
11453168;14297122;0;1;0
11453168;16424895;0;1;0
11480759;19848113;0;1;1
11491946;3019748;0;1;0
11491946;15811455;0;1;0
11500162;22646704;0;1;0
11501643;12983696;0;1;0
11503877;5426537;0;1;0
11506014;22887905;0;1;1
11516000;19619662;0;1;0
11545973;14089246;0;1;0
11545973;20357472;0;1;0
11577197;4721298;0;1;0
11578329;8828596;0;1;1
11598360;1064533;0;1;1
11598360;19101062;0;1;1
11599232;19173576;0;1;0
11601282;7611324;0;1;1
11614482;2040031;0;1;0
11614482;21740415;0;1;0
11616045;13731966;0;1;0
11618167;5495290;0;1;1
11638867;18138334;0;1;0
11641369;17973697;0;1;1
11644995;5349696;0;1;1
11646859;21673810;0;1;1
11647231;8603839;0;1;1
11648291;1201118;0;1;1
11648291;23779188;0;1;1
11648296;6486586;0;1;1
11651101;21499464;0;1;0
11654279;11851860;0;1;1
11656280;17584574;0;1;0
11657211;5847440;0;1;1
11678213;10208668;0;1;0
11687217;19621509;0;1;0
11693890;8734360;0;1;1
11693890;19762914;0;1;1
11694452;23844077;0;1;1
11707649;8048724;0;1;0
11710249;24150180;0;1;0
11722547;5951542;0;1;1
11722547;21924511;0;1;1
11730443;20203941;0;1;0
11738109;24756669;0;1;1
11742050;5501265;0;1;1
11742050;22229374;1;1;1
11765128;11481954;0;1;0
11783973;22566891;1;1;1
11784760;5980926;0;1;1
11784760;7149939;0;1;1
11784760;13991679;0;1;1
11790730;1714032;0;1;1
11790730;5620314;0;1;1
11813561;8844436;0;1;1
11813561;14392247;0;1;1
11813561;23004966;0;1;1
11816035;11867035;1;1;0
11816195;6144217;0;1;1
11818341;6737411;0;1;0
11818341;11227836;0;1;0
11821846;11049980;0;1;0
11845111;22424719;1;1;1
11848640;10097658;0;1;1
11865946;17922416;0;1;0
11867035;2198913;0;1;0
11870876;3966265;0;1;1
11878258;8112092;0;1;1
11882367;14495078;0;1;0
11883787;19563149;0;1;1
11885515;17878380;0;1;1
11889448;12957230;1;1;1
11928663;17950280;0;1;1
11928663;24562005;0;1;1
11953611;22406394;0;1;0
11962107;10644945;0;1;1
11974425;15599886;0;1;0
11974586;4460010;0;1;1
11983124;6853664;0;1;1
11987592;15136877;1;1;1
11999002;3358621;0;1;1
11999877;21049781;0;1;1
12012198;13836641;0;1;1
12012198;20768891;0;1;1
12012198;24005492;0;1;1
12014515;4150447;0;1;0
12017380;5087918;0;1;1
12017380;23159187;0;1;1
12022457;17694471;0;1;0
12028748;4018083;1;1;1
12034000;18239854;1;1;1
12047012;831676;1;1;1
12054087;5156520;0;1;0
12091097;6982114;0;1;0
12096949;13112288;0;1;1
12106319;9167023;0;1;0
12106319;24029795;0;1;0
12117575;17572767;0;1;1
12118834;22186714;0;1;1
12120644;14958253;0;1;1
12124184;6669459;0;1;1
12126016;21634010;0;1;1
12142486;13801005;0;1;0
12144239;6978107;0;1;0
12144239;16740724;0;1;0
12153999;9686335;1;1;0
12170886;18045759;0;1;1
12177402;5272794;0;1;1
12181166;9704833;0;1;1
12192145;21350651;0;1;0
12212061;615311;0;1;0
12237019;6232695;0;1;0
12244448;1719640;0;1;0
12255367;12918309;0;1;0
12255492;22888343;0;1;0
12259255;4073393;0;1;1
12276307;18340640;0;1;0
12277021;2564680;0;1;1
12278975;5014095;0;1;0
12283666;8544866;1;1;1
12300275;2521876;0;1;1
12320729;20865351;1;1;1
12335553;5767579;0;1;1
12344174;13146672;0;1;1
12349063;8248062;0;1;1
12349063;10836561;0;1;1
12349063;17170417;0;1;1
12356881;4004976;0;1;1
12389566;104890;1;1;1
12394775;24358243;0;1;1
12400643;17094283;0;1;0
12428348;1313581;1;1;1
12435921;10455743;0;1;1
12438824;8139052;0;1;1
12438824;23817682;0;1;1
12443196;8914684;0;1;0
12449574;15111633;0;1;0
12449574;20111679;0;1;0
12453244;873063;0;1;1
12454338;19705281;0;1;1
12463110;19324333;0;1;1
12463247;7587325;0;1;1
12475559;20534806;0;1;1
12475824;19850652;0;1;1
12540661;18675696;0;1;0
12546807;2695871;0;1;0
12554060;16623749;1;1;1
12554060;23134314;1;1;1
12561547;24645596;0;1;0
12577882;8216117;0;1;1
12579298;3413609;0;1;1
12579298;17062066;0;1;1
12594679;12032899;0;1;0
12604673;11952703;0;1;1
12605206;18219399;0;1;0
12610724;2123150;0;1;0
12610839;9305862;1;1;1
12613360;24468025;0;1;1
12617077;21147909;0;1;1
12627756;6332591;1;1;0
12629665;11662427;1;1;1
12642663;24478863;0;1;1
12660341;14311959;0;1;1
12665945;15335565;1;1;1
12676243;20047026;0;1;0
12679483;12238747;0;1;0
12683264;18760141;1;1;1
12699447;406240;0;1;1
12699447;8699470;0;1;1
12713741;19656489;1;1;0
12722973;24618439;0;1;0
12729475;2887827;0;1;1
12729475;8948950;0;1;1
12729475;19336015;0;1;1
12735106;4839026;0;1;0
12759933;9934825;0;1;1
12761448;940580;0;1;0
12768659;24023638;0;1;1
12776405;16556139;0;1;0
12785486;19144382;0;1;0
12805363;7780821;0;1;0
12822228;8316064;0;1;1
12831411;23322925;0;1;1
12839285;6175281;0;1;1
12884928;2037170;0;1;1
12891897;21387323;0;1;1
12900437;14841486;0;1;0
12906019;2416331;0;1;1
12932031;417203;1;1;0
12947484;12846421;0;1;1
12949591;19256560;1;1;1
12954897;23355158;0;1;1
12958645;23192748;0;1;0
12976051;14679192;1;1;1
12978218;5153057;0;1;0
12980424;5971885;0;1;1
12985530;4221750;0;1;1
13005549;5696647;0;1;1
13012043;3794230;0;1;0
13063208;15733029;1;1;1
13070247;3877282;0;1;1
13076571;12917579;0;1;1
13081631;9871012;0;1;0
13090837;24901088;0;1;1
13097938;6312365;0;1;0
13120611;19104006;0;1;0
13148791;24414582;0;1;1
13149166;12844545;0;1;0
13149348;3133937;0;1;0
13151762;1486235;0;1;1
13151898;12690521;1;1;0
13155812;13243575;0;1;1
13159640;7325602;0;1;1
13179525;7637247;1;1;1
13179525;18852423;1;1;1
13182235;13180239;0;1;0
13188345;13160298;0;1;0
13192543;3564937;0;1;1
13192543;19018075;0;1;0
13194765;5723198;0;1;0
13218836;9749588;0;1;1
13221406;3737614;0;1;1
13236746;7647772;1;1;1
13237901;20715109;1;1;1
13246731;552876;0;1;0
13246731;10200131;0;1;0
13270909;4652722;0;1;1
13288165;15424018;1;1;1
13312139;715692;0;1;0
13339674;1323273;0;1;1
13341632;13560821;0;1;0
13346632;18242972;0;1;0
13361726;12344174;1;1;0
13385678;17342994;0;1;1
13394246;24042908;0;1;1
13398519;1737722;0;1;1
13405936;8928569;0;1;0
13405936;12805654;0;1;0
13414476;8718993;0;1;0
13419632;14055348;1;1;1
13422014;24781791;0;1;1
13432464;14722639;0;1;1
13446741;22799974;0;1;1
13451699;22531208;1;1;1
13487475;4660567;0;1;1
13489908;15537851;0;1;1
13501280;6580575;0;1;0
13504094;8603839;0;1;0
13504094;11647231;0;1;0
13510840;928419;0;1;1
13516258;19057787;1;1;1
13524512;5328126;0;1;1
13525452;10175594;0;1;1
13527425;8337203;0;1;0
13534271;2160851;0;1;1
13546562;22597584;0;1;1
13547022;9114901;0;1;0
13567127;17091879;0;1;0
13578144;1590951;0;1;0
13578144;10926308;0;1;0
13578185;11009120;0;1;0
13579946;2666276;0;1;0
13579946;20190353;1;1;1
13580504;17683139;0;1;1
13595502;7600639;0;1;0
13598377;3653799;1;1;1
13606926;19440479;0;1;0
13607505;11077325;0;1;0
13621467;3612537;0;1;1
13626166;19280968;0;1;0
13626166;19686330;0;1;1
13639788;389567;0;1;1
13644926;23156925;0;1;0
13689699;24035541;0;1;1
13706630;24387501;1;1;1
13766659;12184057;0;1;1
13777720;18314326;0;1;1
13796251;5521231;0;1;1
13800177;7328769;0;1;0
13807507;22352940;1;1;1
13810009;10938368;1;1;1
13814127;7543108;0;1;1
13848190;11794098;0;1;0
13849641;21727474;0;1;1
13855997;15404622;0;1;1
13892139;6197810;0;1;0
13894682;1505482;0;1;1
13907339;21639736;0;1;0
13908661;9335457;0;1;0
13908661;21295737;0;1;0
13911914;18240283;0;1;0
13954834;18599753;0;1;0
13976445;23452003;0;1;1
13978039;1742829;0;1;1
13978039;24821192;0;1;1
13981611;18486029;0;1;0
13986769;18901991;0;1;1
13991679;7149939;1;1;1
13999734;15058746;0;1;1
13999734;23879539;0;1;1
14023866;12685300;0;1;0
14025175;24604470;1;1;1
14027272;5647116;0;1;0
14034944;18205231;1;1;1
14037703;11604282;0;1;1
14040086;14478775;0;1;1
14045604;21021680;0;1;0
14059002;9141717;0;1;0
14066398;10023380;0;1;0
14066398;19351092;0;1;0
14086331;4469262;0;1;0
14092649;9271826;0;1;0
14094005;22662409;0;1;1
14096586;2374815;0;1;1
14110055;7019911;1;1;0
14110055;24732287;0;1;0
14118977;18994654;0;1;1
14122008;16440193;0;1;0
14122008;24774335;0;1;0
14122008;24852208;0;1;0
14129830;1449701;0;1;1
14129830;20428927;0;1;1
14157222;10702945;0;1;1
14157222;14434446;0;1;1
14159276;5493544;0;1;0
14171936;7382325;0;1;1
14197674;50222;0;1;0
14198954;13382582;0;1;1
14209355;845803;0;1;0
14216611;7425378;0;1;1
14228223;6915112;0;1;1
14228804;3009708;0;1;1
14230581;15554785;0;1;0
14236816;1501110;0;1;0
14243037;12653842;0;1;0
14243122;21657909;0;1;1
14253902;12963232;0;1;1
14255705;15675081;0;1;0
14269692;11943984;0;1;1
14272218;3097202;0;1;0
14275592;24002485;0;1;0
14281797;15338434;0;1;0
14291792;13426407;1;1;1
14296470;21579702;0;1;1
14297122;16424895;0;1;1
14302252;20147664;0;1;0
14329892;9625012;1;1;1
14344935;17383095;0;1;0
14392247;8844436;0;1;1
14392247;23004966;0;1;1
14407934;17532069;0;1;0
14417088;20746892;0;1;1
14418029;12915862;1;1;1
14430943;1718757;0;1;1
14434446;10702945;0;1;1
14450694;14772008;0;1;1
14454313;7639647;0;1;1
14456805;9981585;1;1;1
14457083;7708080;0;1;0
14466114;12663093;1;1;0
14469314;19497416;0;1;1
14470195;22429424;0;1;1
14473869;10358981;0;1;0
14479274;7783399;0;1;1
14480030;2495036;0;1;0
14491464;12065322;0;1;0
14498526;24219879;0;1;1
14500041;10774567;0;1;0
14502947;616566;1;1;1
14505039;23992152;0;1;0
14509679;15213095;0;1;1
14509679;21090037;0;1;0
14528863;22296004;0;1;1
14529731;9723004;1;1;1
14533393;11972334;0;1;1
14545195;6435390;0;1;0
14552581;24395059;1;1;1
14554836;383383;0;1;1
14556265;20003556;0;1;0
14562146;10586659;0;1;1
14572617;22355948;0;1;1
14575633;14094005;0;1;1
14575633;22662409;0;1;1
14580664;16311614;0;1;0
14580664;17711710;0;1;1
14588740;24415622;0;1;0
14601528;22747172;0;1;1
14606158;9081521;0;1;1
14619410;5421062;0;1;0
14631909;24081016;0;1;1
14650872;5645620;0;1;1
14663953;10470494;0;1;0
14683664;14123807;0;1;0
14694736;24408038;1;1;1
14713151;14020851;0;1;0
14731751;12268963;0;1;1
14738103;5272043;0;1;0
14760435;3715297;0;1;1
14760435;24849345;0;1;1
14762214;11397213;0;1;1
14764037;15770821;0;1;1
14767945;23337942;0;1;1
14773928;7538280;0;1;0
14776577;19460322;0;1;0
14786131;22657205;0;1;1
14792369;24047004;0;1;0
14793793;9088555;0;1;1
14798295;18334903;1;1;1
14800747;21943396;0;1;0
14820773;4307419;0;1;1
14820773;12286223;0;1;1
14824444;10872593;0;1;1
14834917;15593710;0;1;1
14838907;10562667;0;1;0
14838907;16004533;0;1;0
14841210;16687263;0;1;0
14871894;19545038;1;1;0
14874617;123469;1;1;1
14880154;9560268;0;1;0
14897817;9301931;0;1;1
14904088;22948721;0;1;1
14912137;2374178;0;1;1
14912137;12471773;0;1;1
14922104;15455754;1;1;1
14948223;5433749;0;1;0
14948223;9402576;0;1;0
14948265;13899726;0;1;1
14949054;8834713;0;1;0
14952720;5122489;0;1;0
14959810;5215817;0;1;1
14968044;17419924;1;1;1
14969497;10774567;0;1;0
14969497;14500041;1;1;1
14975325;8094177;1;1;0
14987842;11499524;0;1;1
14995173;5844502;0;1;1
14998904;22807570;1;1;1
15004843;23415703;0;1;1
15021137;3756910;0;1;0
15021137;5758309;0;1;0
15024700;6721631;0;1;0
15025016;10745429;0;1;1
15029090;22161712;0;1;0
15033965;20812054;0;1;1
15044831;20317728;0;1;0
15062236;7925642;0;1;0
15091750;12955542;1;1;1
15096121;12242469;0;1;0
15103010;21734197;0;1;0
15103094;19550928;0;1;0
15103094;21101871;0;1;1
15111633;20111679;0;1;0
15115711;2306954;0;1;1
15131528;16211721;0;1;1
15142399;10975528;0;1;0
15145175;11081678;0;1;0
15146938;5635379;1;1;1
15148652;20668657;0;1;1
15155974;19735939;0;1;0
15174091;6629710;1;1;1
15176869;3168315;0;1;1
15199115;2902536;0;1;0
15213095;21090037;0;1;0
15215205;7219590;0;1;0
15227944;6885403;1;1;1
15229675;9126628;0;1;0
15237689;22971132;0;1;1
15249390;15129277;0;1;1
15260350;20370199;0;1;1
15266078;11863389;1;1;1
15270210;18454381;0;1;1
15297372;18227046;1;1;1
15298109;5596921;0;1;1
15300531;960794;0;1;0
15300531;17173045;1;1;0
15300978;24480946;0;1;0
15301861;23749876;0;1;1
15316252;2477719;0;1;1
15344953;21582199;0;1;0
15345412;6654682;0;1;0
15351054;17534492;0;1;1
15353879;22079758;0;1;0
15380806;4407824;0;1;0
15394875;5049263;0;1;1
15413885;11434044;0;1;0
15414011;22744834;0;1;1
15416455;4735928;1;1;1
15447134;151144;0;1;1
15448376;20457976;0;1;0
15489113;20710841;0;1;1
15496091;7826229;0;1;0
15504844;9096908;1;1;1
15522158;9548440;0;1;1
15548659;5272395;1;1;1
15549253;9922675;0;1;1
15569495;17905422;0;1;1
15573775;11355020;0;1;1
15577254;19582158;0;1;0
15599265;21524422;0;1;1
15625567;2614813;0;1;1
15637639;24337925;0;1;0
15638748;21310528;1;1;0
15640456;1957062;1;1;1
15644342;18008670;0;1;1
15644342;19301317;0;1;1
15644810;3002829;0;1;0
15657233;7863273;0;1;1
15659200;7931118;0;1;0
15660911;5978358;0;1;0
15665667;13984814;0;1;1
15665667;18711430;0;1;1
15681927;2849435;0;1;0
15682364;6369419;0;1;1
15696121;16334526;0;1;0
15700179;3894978;0;1;0
15700930;11760600;1;1;1
15713881;10575264;1;1;1
15724422;24048543;0;1;0
15793172;6614458;1;1;0
15800704;3697995;0;1;0
15804620;21471029;0;1;1
15808064;9355619;0;1;1
15808547;20814833;0;1;0
15811455;3019748;0;1;1
15815628;24518230;0;1;1
15829876;16857374;0;1;0
15833709;2395703;0;1;0
15841749;12242835;0;1;0
15849279;6945254;0;1;1
15854707;14785479;0;1;0
15868879;9259662;1;1;1
15887941;8979747;0;1;1
15896772;16760449;0;1;0
15900961;14125909;0;1;1
15906170;7041516;0;1;0
15926337;20515930;0;1;1
15927951;16029656;1;1;1
15931165;8753454;0;1;1
15932140;10240808;0;1;1
15936204;6806564;0;1;1
15950056;762898;0;1;0
15967014;6237401;0;1;0
15978525;11280524;0;1;1
16004533;10562667;0;1;0
16005226;2332933;0;1;1
16035459;13374338;0;1;0
16043245;10169518;0;1;0
16058476;22340209;0;1;1
16058909;2275162;1;1;0
16060719;20488247;0;1;1
16082589;9769660;0;1;0
16093270;23752788;0;1;1
16101985;1002478;0;1;1
16105886;324986;0;1;1
16108007;14340789;0;1;1
16110324;18873551;0;1;0
16114737;5868241;0;1;1
16114737;6175281;0;1;1
16114737;12839285;0;1;1
16124710;11041143;0;1;0
16144238;9230145;0;1;0
16144413;6511341;0;1;1
16146883;15657967;0;1;0
16170437;5361512;0;1;1
16196066;13249996;0;1;0
16200288;17619636;0;1;0
16206208;24893003;0;1;1
16207812;5327340;0;1;1
16213805;9000578;0;1;1
16230024;19823929;0;1;0
16240293;5909600;0;1;1
16245096;23100400;0;1;0
16254249;19357954;1;1;0
16263271;21070444;1;1;1
16268658;22230766;0;1;1
16275487;21326809;0;1;0
16280050;8810065;0;1;1
16302920;6438315;0;1;0
16321925;17164850;0;1;1
16328507;12610073;0;1;0
16335506;1998456;0;1;0
16356825;11016889;1;1;1
16402873;24037572;0;1;0
16440193;24852208;0;1;1
16467412;1748375;0;1;0
16484355;12718908;0;1;0
16484355;19329049;0;1;0
16489576;501408;0;1;1
16489576;8696569;0;1;1
16495019;13411816;0;1;1
16520344;65616;1;1;1
16520344;10599846;0;1;1
16530941;17509900;0;1;0
16539267;10884715;0;1;0
16547220;11207371;1;1;1
16551032;9945678;1;1;0
16555464;15062136;0;1;1
16573278;707132;1;1;1
16573654;20988701;0;1;1
16580172;15309429;1;1;1
16585907;4199937;0;1;0
16585907;19563082;0;1;0
16600208;21575551;0;1;1
16603020;2574996;0;1;0
16606863;12674236;0;1;0
16613190;13277285;0;1;0
16628541;11928909;0;1;0
16631652;21025202;0;1;0
16632402;18213089;0;1;0
16635234;6920933;1;1;1
16657034;9558625;0;1;0
16662791;17670623;0;1;0
16669509;4780601;0;1;0
16669852;20029497;0;1;0
16674787;15714058;0;1;0
16680821;4295985;1;1;1
16684421;19571770;0;1;0
16684421;23429637;0;1;0
16688456;20628852;1;1;0
16691497;24547033;0;1;0
16696476;6922030;0;1;0
16725119;12664917;0;1;0
16736783;19181043;0;1;0
16739232;19249540;0;1;0
16740724;6978107;0;1;0
16751590;20922903;0;1;1
16766998;18469237;1;1;1
16774650;22409459;0;1;1
16775331;17051982;0;1;1
16778742;323860;1;1;1
16780761;12397141;0;1;0
16780761;21590529;0;1;0
16787961;23530931;0;1;1
16789514;21920061;0;1;0
16794138;4025771;0;1;0
16809158;2515440;0;1;1
16826801;3074592;0;1;1
16829485;6962592;0;1;0
16832364;6742643;1;1;0
16842086;7291258;0;1;0
16844330;13074145;0;1;1
16860909;20611816;0;1;0
16864778;20603835;1;1;1
16864982;5982454;1;1;0
16871352;22280455;0;1;1
16895126;8749191;0;1;1
16901475;23109249;1;1;1
16902653;1068992;0;1;1
16904139;20643074;1;1;1
16905864;4007423;0;1;0
16907491;14079227;0;1;1
16914541;7934652;0;1;0
16921352;20761376;1;1;1
16954532;19300675;0;1;0
16960732;8481653;0;1;0
16969891;13333198;1;1;0
16973972;7480751;0;1;0
16973972;8348731;0;1;1
16980977;24331487;0;1;1
16988291;17563612;0;1;0
17029524;8744402;0;1;1
17034985;15879334;0;1;0
17036490;9344700;0;1;1
17052459;3878553;0;1;0
17060572;3873344;0;1;0
17062066;3413609;0;1;1
17073224;295478;0;1;0
17075546;13938928;0;1;1
17088830;8454100;0;1;1
17110488;20086971;0;1;1
17132663;11964341;0;1;0
17158509;15083614;0;1;1
17173045;960794;0;1;0
17180701;6101703;0;1;0
17181417;9684175;0;1;1
17186739;6505988;1;1;1
17190815;2222953;0;1;1
17190815;18575518;0;1;1
17210693;2018641;0;1;0
17218811;19990501;0;1;1
17219528;19084079;0;1;0
17237203;15184676;0;1;1
17239312;20497176;0;1;0
17258014;268996;1;1;0
17269684;814903;0;1;0
17281216;12714340;0;1;0
17284673;11883787;0;1;0
17284673;19563149;0;1;0
17332239;12801809;0;1;1
17335700;4271799;0;1;1
17350875;9603564;0;1;0
17364375;3796914;0;1;0
17366858;17547406;0;1;1
17380899;6470658;0;1;1
17380899;20136765;0;1;1
17401535;2504682;0;1;0
17402202;9974981;0;1;1
17437844;23727956;0;1;0
17456060;15923051;0;1;1
17465370;13598970;0;1;1
17480237;22694649;0;1;1
17482444;11731396;0;1;0
17490514;12124407;0;1;1
17504634;4788754;0;1;0
17517402;2232717;1;1;1
17518601;20439966;0;1;0
17524302;1224049;0;1;1
17529681;4649384;1;1;1
17529721;8461507;0;1;0
17537655;4093683;0;1;1
17538649;13805982;0;1;1
17542061;20766178;0;1;0
17586963;5947543;0;1;0
17589380;17520144;0;1;1
17594428;7373227;0;1;0
17600855;5276007;1;1;1
17611718;12665374;0;1;0
17614550;15104810;0;1;0
17622436;12067844;0;1;1
17655707;1201094;1;1;1
17656506;10239690;0;1;1
17657991;1256787;0;1;0
17659841;2978921;0;1;0
17679122;8869141;0;1;0
17681117;12478095;0;1;0
17681432;1722663;0;1;0
17695859;7088957;0;1;1
17695859;21783945;0;1;0
17703347;379260;0;1;1
17703347;24497373;0;1;0
17705192;19214769;0;1;1
17705192;24657086;0;1;1
17711710;16311614;0;1;0
17717476;14196830;0;1;0
17722706;7132765;0;1;1
17722706;7686733;0;1;1
17751962;11423262;0;1;0
17764931;14450694;0;1;0
17764931;14772008;0;1;0
17764931;21728430;0;1;0
17775137;18078147;1;1;0
17783043;16498492;0;1;0
17803243;24336325;0;1;0
17806225;9400908;0;1;0
17815217;1323334;0;1;1
17819708;23583794;0;1;0
17829297;9743511;0;1;0
17838423;11437567;0;1;0
17841115;18535155;0;1;1
17841694;10423445;0;1;0
17869779;10333962;0;1;0
17873665;2964509;0;1;0
17890393;21878008;0;1;0
17901012;5912276;0;1;1
17913259;8146641;0;1;0
17913259;19965516;0;1;0
17914844;4575804;0;1;1
17954234;2763257;0;1;0
17957317;19128116;0;1;0
17960137;10151951;1;1;1
17960137;10162535;0;1;0
17986744;834230;0;1;0
18008670;19301317;0;1;1
18017817;394432;1;1;1
18028302;16785822;0;1;0
18030566;11548948;0;1;1
18054162;23265968;0;1;1
18059076;1954805;0;1;0
18082123;12108352;0;1;1
18091479;8746518;0;1;1
18103656;11095809;0;1;1
18107973;162631;0;1;0
18111045;6701791;0;1;0
18118602;12297052;0;1;1
18133853;479123;0;1;1
18135913;10095158;0;1;1
18183065;20576624;0;1;1
18185914;17808237;0;1;0
18220477;8811619;0;1;1
18234654;24643678;1;1;1
18251534;11667736;0;1;1
18258755;21465502;0;1;0
18269055;13256091;0;1;0
18309540;17415553;0;1;1
18312868;1291548;0;1;0
18325907;9568136;0;1;0
18335220;4250201;0;1;1
18335305;18435848;1;1;1
18336223;12344312;0;1;1
18336288;9605735;0;1;1
18344990;19413658;1;1;1
18346047;16947016;0;1;1
18346816;20722115;0;1;0
18352554;6782686;0;1;1
18363497;18000737;0;1;0
18372775;6292247;1;1;0
18373358;10160254;0;1;1
18384612;18921945;0;1;0
18387638;6023486;1;1;1
18404254;5101897;0;1;1
18406379;7765023;0;1;0
18426340;5594334;1;1;1
18429283;15766636;0;1;0
18429298;8508716;0;1;0
18442147;9318895;0;1;1
18445815;24987420;0;1;1
18453125;7298630;0;1;0
18453518;4851724;1;1;1
18468717;4329442;0;1;0
18485862;2590667;0;1;0
18516147;13818223;0;1;0
18540976;8971041;0;1;0
18563685;2014980;0;1;0
18567029;15133253;0;1;1
18570690;17559369;0;1;0
18575518;2222953;1;1;1
18593862;4572890;0;1;0
18594300;20472117;0;1;0
18614787;8526060;0;1;0
18622651;7610816;1;1;1
18634746;17465770;1;1;1
18651226;9400790;0;1;0
18672835;14412191;0;1;0
18677032;17638594;0;1;1
18692712;20646929;0;1;1
18697218;16860909;0;1;0
18697218;20611816;0;1;0
18702556;11896408;0;1;1
18705362;23007970;0;1;0
18708422;4311017;0;1;0
18708422;11387271;0;1;1
18711430;13984814;0;1;1
18722050;18386984;0;1;1
18722082;5162902;0;1;0
18724490;23665424;0;1;1
18739623;22478945;1;1;1
18747339;8458008;0;1;1
18753091;11977522;0;1;1
18768399;12155079;0;1;1
18770344;14304292;0;1;1
18852460;17650392;0;1;1
18867295;19256327;0;1;1
18883994;2328600;1;1;1
18897906;16521418;0;1;1
18926224;22674629;0;1;0
18928365;10383831;0;1;1
18929655;7378319;0;1;1
18932907;8562230;0;1;1
18939045;20912504;0;1;1
18945433;14485254;0;1;0
18950516;16455593;0;1;0
18959020;17688829;1;1;1
18959082;12971972;0;1;0
18965757;23570462;1;1;1
18983577;1718757;0;1;1
18983577;14430943;0;1;1
18988177;9340346;0;1;1
18994989;3251848;0;1;0
19010464;12270742;1;1;1
19022836;54914;0;1;0
19023754;6454981;0;1;1
19033291;3854045;0;1;0
19050992;21520530;1;1;1
19063911;13677381;0;1;1
19064031;7433003;0;1;1
19064031;11149122;0;1;1
19068602;17655204;0;1;0
19072094;4041497;0;1;0
19080374;3674651;0;1;1
19113780;19547427;0;1;0
19128117;23550341;0;1;0
19137187;3259332;0;1;1
19139619;23192643;0;1;0
19142595;13253472;0;1;0
19161676;15784247;0;1;0
19173313;2618172;1;1;1
19178809;4917872;0;1;1
19188713;6865872;0;1;1
19200917;24512756;1;1;1
19219060;13777183;1;1;1
19234331;20173179;1;1;1
19246104;19305930;0;1;1
19253380;11878691;1;1;1
19260235;20038342;1;1;1
19266751;1219623;0;1;1
19291765;8604263;0;1;0
19302178;6756564;0;1;0
19302178;22859573;0;1;0
19319789;22956800;1;1;1
19329049;12718908;0;1;0
19340374;8337057;0;1;0
19348431;7321838;0;1;0
19351092;10023380;0;1;0
19354134;23888265;0;1;0
19358585;1485980;0;1;0
19359273;361888;0;1;0
19364056;226114;0;1;1
19364056;2351192;0;1;1
19364056;4068718;0;1;1
19378420;8554989;0;1;1
19387794;1523222;0;1;0
19392950;11653782;0;1;1
19403291;12628149;0;1;1
19429948;3559269;0;1;1
19438519;22251632;0;1;0
19445176;2692025;0;1;1
19450500;13367364;0;1;1
19464992;16755409;0;1;1
19482822;24248899;0;1;1
19483999;11292755;0;1;0
19496214;14683269;0;1;0
19503715;22436436;0;1;0
19508638;7710112;0;1;0
19530061;9691150;0;1;1
19532655;2410934;0;1;0
19541059;24962862;1;1;0
19557343;10743520;0;1;1
19567083;16280433;0;1;0
19567247;15249301;0;1;1
19577820;271943;0;1;1
19579818;20172000;0;1;1
19581622;18519846;0;1;0
19594343;19824168;0;1;0
19594394;22128196;0;1;0
19602295;3493645;0;1;1
19618435;15784134;0;1;1
19621909;11368795;0;1;0
19624082;4889024;0;1;0
19624560;4755597;0;1;0
19634269;4552790;0;1;0
19645706;18678251;1;1;1
19652425;922641;0;1;0
19658883;9413860;0;1;0
19673446;15287785;0;1;0
19684353;9933620;0;1;1
19686330;19280968;0;1;0
19687709;18692712;0;1;1
19687709;20646929;0;1;0
19688552;3614791;0;1;1
19688552;8954569;0;1;1
19712293;12871039;1;1;0
19725102;22131986;0;1;1
19725710;11496883;0;1;1
19731310;17588923;0;1;1
19753242;19687194;0;1;1
19762914;8734360;0;1;1
19767516;11509902;1;1;1
19780212;7874216;0;1;0
19785069;3323620;0;1;0
19788636;3616420;0;1;0
19788636;5561097;0;1;0
19792641;2416331;0;1;1
19792641;12906019;0;1;1
19802167;20696653;0;1;1
19808918;2125046;0;1;0
19810815;21336604;0;1;1
19818914;4956517;0;1;1
19825830;11814879;1;1;1
19827293;14352895;0;1;0
19833866;8121683;0;1;0
19855426;426898;0;1;0
19859126;17520942;0;1;1
19859502;20757806;0;1;1
19861253;21481804;0;1;0
19862464;8148385;0;1;1
19870807;6116319;0;1;0
19871403;16741492;0;1;0
19874392;15704570;0;1;0
19885693;17496221;0;1;1
19899831;14012269;0;1;0
19906637;1762026;0;1;0
19914013;8164165;1;1;1
19918783;2236183;0;1;1
19957836;15143439;1;1;0
19965516;8146641;0;1;0
19965998;144200;0;1;1
19970220;19307239;0;1;1
20007148;14285315;0;1;0
20026070;12911245;0;1;1
20030195;16790313;0;1;0
20032153;18632402;0;1;0
20033683;16144051;0;1;1
20049499;619685;0;1;1
20049499;18839671;0;1;1
20055795;10248701;0;1;0
20057421;24539663;0;1;1
20059515;15503680;0;1;0
20067624;19533135;1;1;1
20070714;18125209;0;1;0
20087171;5567051;1;1;0
20100759;16203568;0;1;0
20100783;15133253;0;1;1
20100783;18567029;0;1;1
20136765;6470658;0;1;1
20164304;21969469;1;1;1
20166860;1567254;0;1;0
20171700;23304467;0;1;1
20172499;15190109;0;1;0
20185032;20610512;0;1;1
20185786;16941186;0;1;0
20186517;2624007;0;1;0
20190353;2666276;0;1;0
20222428;7404669;1;1;1
20224047;3784285;0;1;0
20226851;9614201;0;1;1
20226851;23537965;0;1;1
20227313;11783973;1;1;1
20227313;22566891;1;1;1
20232539;12930488;0;1;0
20249015;17978762;0;1;0
20252308;22186715;1;1;1
20264230;7026035;0;1;1
20265239;10044172;0;1;0
20273016;15224462;0;1;1
20276198;8139662;0;1;1
20276866;4356229;1;1;1
20285415;3262945;0;1;0
20298717;12276307;0;1;0
20298717;18340640;0;1;0
20299925;13322240;0;1;1
20305005;703524;0;1;1
20314918;13454573;0;1;0
20329304;18841864;0;1;0
20357472;14089246;0;1;0
20372134;19536312;0;1;1
20375214;19916864;0;1;1
20376523;3524927;0;1;0
20380656;1586560;0;1;0
20393537;15295756;1;1;1
20396611;12079251;0;1;0
20406593;7796948;0;1;0
20411540;24594649;0;1;1
20413803;23167160;0;1;1
20417166;13331170;0;1;1
20428927;1449701;0;1;1
20431784;23742464;0;1;0
20452903;22437171;0;1;1
20459394;3851077;0;1;1
20460522;13668036;0;1;1
20460930;11877517;0;1;0
20481162;3851836;0;1;1
20509720;201927;0;1;1
20510283;321223;0;1;0
20524133;14630159;0;1;1
20530765;17027166;0;1;1
20549884;17978762;0;1;0
20549884;20249015;0;1;0
20558162;12713859;0;1;1
20559105;7665319;0;1;0
20568877;8344621;0;1;0
20569417;20181664;0;1;0
20569733;2854812;1;1;1
20574243;2491082;0;1;0
20574243;18567736;0;1;0
20580604;18259909;0;1;1
20583432;20712610;0;1;0
20627503;4836555;0;1;0
20627503;16500067;0;1;0
20636240;17720014;0;1;0
20663175;18357701;0;1;0
20666052;8367083;0;1;0
20670186;3382904;0;1;1
20670376;18533999;0;1;0
20675880;10068184;0;1;1
20713650;7913854;0;1;0
20724508;20123009;0;1;1
20730541;11416925;0;1;0
20733885;21039449;0;1;0
20735079;3364409;1;1;1
20744142;6003518;0;1;0
20752784;3155898;0;1;0
20762714;17530870;0;1;1
20768891;13836641;0;1;1
20768891;24005492;0;1;1
20780699;699642;0;1;0
20789087;18016907;1;1;0
20795202;3608709;0;1;0
20804315;17805859;0;1;0
20812029;4786573;0;1;0
20815189;8647027;0;1;0
20820370;20546226;0;1;0
20842929;5542741;0;1;1
20843884;15389387;0;1;0
20856042;19389792;0;1;1
20860254;1635003;0;1;1
20872771;4521887;0;1;0
20887809;9136225;0;1;0
20888740;24989017;0;1;0
20890039;8571849;0;1;0
20897103;3964252;0;1;1
20904664;20133925;0;1;1
20908386;857099;0;1;0
20908386;10953280;0;1;0
20928712;12765371;0;1;0
20944802;20684669;1;1;1
20954191;23624000;0;1;1
20996704;8242139;0;1;0
20996704;9556798;0;1;0
21028893;8148385;0;1;0
21028893;19862464;0;1;0
21049049;19502596;0;1;0
21049682;4307419;0;1;1
21049682;12286223;0;1;1
21049682;14820773;0;1;1
21068556;12109095;0;1;1
21101291;17164414;0;1;1
21109739;14021569;0;1;1
21110366;8826980;1;1;1
21128189;16421694;1;1;1
21140218;15957467;0;1;1
21141475;21049070;0;1;0
21142629;16929995;0;1;1
21144041;7401459;0;1;1
21159415;3010746;0;1;1
21160998;15673220;0;1;0
21170174;24475003;1;1;1
21176089;20537137;0;1;0
21181585;179582;0;1;0
21195204;14522102;0;1;0
21209248;16977418;0;1;1
21231527;3559269;0;1;1
21231527;19429948;0;1;1
21236468;19911314;0;1;1
21242701;53866;1;1;1
21243145;10130567;0;1;1
21243145;20688549;0;1;1
21254292;16009372;0;1;1
21270544;8493402;0;1;1
21279107;15383075;0;1;1
21290560;778723;0;1;1
21301959;21894020;0;1;1
21306288;16236397;0;1;0
21307054;10626016;1;1;1
21317888;20714281;0;1;1
21318116;10320389;0;1;1
21322889;10653952;0;1;0
21343459;13332568;1;1;1
21344906;261175;0;1;0
21349808;6702244;0;1;1
21351512;22307490;0;1;1
21354590;18886790;1;1;1
21361460;3470105;0;1;1
21362855;9922675;0;1;1
21362855;15549253;0;1;1
21379506;15043501;0;1;1
21391833;2478151;0;1;1
21398700;15445469;0;1;1
21405285;17708676;0;1;0
21405708;23339269;1;1;1
21439037;15061576;0;1;1
21441500;18358521;0;1;1
21443711;18746565;0;1;1
21471861;6950549;1;1;1
21475926;17420594;0;1;1
21485255;15161331;0;1;1
21494329;232613;1;1;0
21508831;4389969;0;1;0
21520183;11492781;0;1;1
21526157;7307944;0;1;1
21530950;24042095;0;1;0
21541102;6606925;0;1;1
21564344;15365152;0;1;1
21572495;9695861;0;1;0
21575049;17953922;0;1;1
21590529;12397141;0;1;0
21615919;11789861;0;1;1
21637248;980198;0;1;0
21642804;8921501;0;1;0
21654013;19078223;0;1;0
21655284;16206481;0;1;1
21666593;872962;0;1;1
21671020;12592163;1;1;1
21675039;5998310;0;1;1
21675039;9430300;0;1;1
21676774;20608850;1;1;1
21695474;13620220;0;1;0
21699111;9568061;0;1;0
21713083;6625852;0;1;1
21715405;16885757;0;1;0
21728430;14450694;0;1;1
21728430;14772008;0;1;1
21733448;5712434;1;1;0
21740415;2040031;0;1;0
21745842;5949803;0;1;0
21751809;14446437;0;1;0
21767007;14665846;0;1;1
21768836;2195189;0;1;1
21768917;1574298;0;1;0
21768917;23802989;0;1;0
21782475;12481578;0;1;0
21787369;5602902;1;1;0
21788811;10443940;0;1;1
21805520;23011648;0;1;0
21842132;3150584;1;1;0
21846648;11532680;0;1;1
21873160;16164713;0;1;1
21875953;1177118;0;1;1
21891477;18136679;0;1;1
21898391;8340215;0;1;0
21898424;18080991;0;1;0
21898592;5019754;0;1;1
21910173;11462040;0;1;1
21911087;18136910;0;1;0
21916373;596127;0;1;1
21918839;3944620;0;1;1
21920766;9752779;0;1;0
21920766;22214314;0;1;1
21925525;5172548;0;1;1
21929597;13845283;1;1;1
21936886;17764651;0;1;0
21944401;9106099;0;1;0
21952967;302788;0;1;1
21952967;13546562;0;1;1
21952967;22597584;0;1;1
21963152;12980828;0;1;0
21977132;2419063;1;1;1
21977132;4886535;1;1;1
21983505;10593159;0;1;0
22011956;15760629;0;1;0
22019830;15780511;0;1;0
22033593;20458130;0;1;1
22057563;21885148;0;1;1
22059302;3684611;0;1;0
22075754;1257928;0;1;0
22077730;2127314;0;1;1
22091249;11791843;0;1;1
22091788;9591522;0;1;0
22101975;15930385;0;1;1
22123224;21850174;0;1;1
22135082;16824451;0;1;1
22136128;14885121;0;1;1
22136373;6345934;0;1;0
22150397;11619378;0;1;0
22173018;3586277;0;1;0
22173018;4396875;0;1;0
22173619;1720433;1;1;1
22174306;1642580;0;1;0
22175629;22961613;0;1;1
22185435;3217390;0;1;0
22187237;9224160;0;1;0
22187237;22825648;0;1;0
22188053;7819050;0;1;1
22188977;12917966;1;1;1
22200218;7289002;0;1;1
22219710;23432852;0;1;1
22223911;13568357;0;1;0
22229374;5501265;0;1;1
22235597;23736826;1;1;1
22239801;3339035;0;1;0
22274163;14916597;0;1;0
22280100;24814102;0;1;0
22301918;22920156;0;1;0
22320267;823100;0;1;1
22330277;15479402;0;1;1
22333266;19331627;1;1;1
22335039;5678014;0;1;1
22335039;18091092;0;1;1
22363177;2452481;0;1;1
22365072;11891383;0;1;1
22370139;20341478;0;1;1
22370386;289867;0;1;1
22376777;742499;0;1;1
22384413;16158992;0;1;0
22408019;6374063;0;1;1
22409171;23651460;0;1;0
22430393;202097;1;1;1
22437697;24219927;0;1;0
22438564;2183071;0;1;1
22439770;10438102;0;1;1
22440944;7480751;0;1;0
22440944;8348731;0;1;1
22440944;16973972;0;1;1
22443526;11046884;0;1;0
22473456;24377978;1;1;1
22480581;3238620;1;1;1
22486682;21668034;0;1;1
22503070;5727233;0;1;1
22508733;3917845;1;1;0
22508733;17701610;1;1;0
22508739;16273146;0;1;1
22520826;9388777;0;1;1
22521914;6018986;0;1;1
22529031;10211437;0;1;0
22534628;16382966;0;1;1
22547568;20022700;0;1;0
22563880;5364722;0;1;0
22563880;15163317;0;1;1
22600352;7122975;0;1;0
22600352;10229660;0;1;0
22604935;11278651;0;1;1
22606103;2710504;0;1;0
22609654;19771257;0;1;0
22635485;7248137;1;1;0
22640528;16807238;0;1;1
22648803;1351408;0;1;1
22651019;4079358;0;1;0
22658978;7713391;0;1;1
22672940;4716075;1;1;1
22681801;20920285;0;1;1
22684229;3573785;0;1;0
22715302;13870460;1;1;0
22715857;9554168;0;1;0
22715857;18767877;0;1;0
22725366;17662490;0;1;0
22734976;12031746;0;1;0
22745809;4284464;0;1;1
22754619;1168114;0;1;0
22755604;17414294;1;1;1
22768938;928419;0;1;1
22768938;13510840;0;1;1
22805801;19822082;0;1;1
22812977;16586466;0;1;1
22819091;24629137;0;1;0
22846110;4295579;0;1;1
22856145;16788881;0;1;0
22859573;6756564;0;1;0
22873424;2639114;0;1;0
22897361;22320888;1;1;1
22911996;16512735;0;1;1
22914102;5226799;0;1;0
22920433;13740282;0;1;1
22937996;4030016;0;1;1
22940433;15463029;1;1;0
22953820;13585505;0;1;1
22958360;6296944;0;1;1
22961409;22754003;0;1;1
22962600;19656715;1;1;0
22963821;13986769;0;1;1
22963821;18901991;0;1;1
22982210;20801096;0;1;0
22994152;19545841;0;1;0
22995753;5653431;0;1;0
22998945;20761161;1;1;1
23004966;8844436;1;1;1
23034534;1892492;0;1;1
23038809;23100918;0;1;0
23040183;20263798;0;1;1
23041411;3492676;0;1;0
23043324;9792945;1;1;0
23051128;6149102;0;1;1
23059164;3145919;0;1;1
23063590;15907792;0;1;1
23064388;16236397;0;1;0
23064388;21306288;0;1;0
23082209;4057550;0;1;0
23088699;1464887;0;1;0
23091190;916172;0;1;0
23097912;9752193;0;1;1
23098444;22061457;0;1;0
23099134;9359582;0;1;0
23102639;6265700;0;1;1
23102639;18830941;0;1;1
23108816;866148;0;1;0
23119939;16601610;0;1;0
23134314;16623749;1;1;1
23134774;22239354;0;1;0
23159187;5087918;0;1;1
23184880;3328284;0;1;0
23186583;11768907;1;1;1
23195417;19456887;1;1;1
23195465;6454981;0;1;0
23195465;19023754;0;1;0
23212667;6091825;0;1;0
23214692;6978234;0;1;1
23216299;9471251;0;1;0
23227556;3995641;0;1;0
23233694;18365161;0;1;0
23244068;16815435;0;1;1
23284746;14783307;0;1;1
23286430;4141198;0;1;1
23286799;21355762;0;1;0
23290223;13438300;0;1;1
23291992;12917579;0;1;1
23291992;13076571;1;1;1
23302480;9535663;0;1;0
23310123;9313556;0;1;0
23312240;1516786;1;1;1
23317955;12603106;0;1;0
23325577;18079605;0;1;0
23332908;5233380;0;1;1
23332908;10538355;0;1;1
23334179;4092042;0;1;0
23343345;4329442;0;1;0
23343345;18468717;0;1;0
23346093;524187;0;1;1
23346093;14036090;0;1;1
23353881;17930651;0;1;1
23367411;20236393;0;1;1
23381252;11503467;0;1;1
23394575;8647592;0;1;0
23397272;6858197;0;1;1
23397615;6201066;0;1;1
23408800;14241729;0;1;0
23412943;15351075;1;1;0
23423628;18770740;0;1;1
23429637;19571770;0;1;1
23441785;24519805;0;1;0
23458295;8014772;0;1;0
23458295;21600598;0;1;0
23463815;6931443;0;1;0
23469903;12987558;0;1;0
23472634;6456325;1;1;1
23474263;24015083;0;1;0
23478406;2139560;0;1;1
23483596;8903110;1;1;1
23490208;17405271;0;1;0
23501130;18119899;0;1;0
23513796;4283772;0;1;1
23514080;21835465;0;1;1
23518519;11982697;0;1;1
23520802;24414337;0;1;1
23537965;9614201;0;1;1
23545248;19285400;0;1;0
23550341;1892492;0;1;1
23550341;23034534;0;1;1
23551514;10575672;0;1;1
23555134;6534202;0;1;0
23570136;6559266;0;1;0
23571066;12366126;0;1;1
23575215;11060887;1;1;0
23577524;13889528;0;1;1
23578451;15009114;0;1;1
23581536;10981336;0;1;0
23589530;21709727;0;1;0
23611323;8310045;1;1;1
23612756;10978589;0;1;1
23637546;6409782;0;1;0
23645482;5979608;0;1;0
23651390;23951503;0;1;1
23657588;16852833;0;1;0
23658571;3621636;0;1;0
23667313;19718592;0;1;0
23678067;15525616;0;1;0
23678737;5540313;0;1;1
23680257;4256811;0;1;0
23695522;19522682;0;1;1
23725211;20722562;1;1;1
23727355;3627878;0;1;0
23736912;11928663;0;1;1
23736912;17950280;0;1;1
23736912;24562005;0;1;1
23744159;854611;0;1;1
23750133;4102152;0;1;0
23750133;5118544;0;1;0
23756843;2814673;0;1;0
23766570;18702986;0;1;1
23770439;16542607;0;1;0
23770962;8753378;0;1;1
23791234;22336071;0;1;1
23803632;15691813;1;1;1
23811257;23277396;1;1;1
23817682;8139052;0;1;1
23826100;16229605;0;1;0
23837365;22460316;0;1;0
23849027;20737348;0;1;0
23856441;8337203;0;1;0
23856441;13527425;0;1;0
23864665;8970838;0;1;1
23864665;18544998;0;1;1
23879539;15058746;0;1;1
23886249;23251721;1;1;1
23891363;2811871;0;1;1
23911540;24972326;0;1;0
23914679;20473393;0;1;1
23926223;20932531;0;1;0
23932465;18692376;0;1;1
23946782;12969579;0;1;0
23958575;21766212;0;1;1
23964703;23966532;0;1;0
23976423;23722833;0;1;0
24000935;14261219;0;1;0
24005492;13836641;0;1;1
24025402;9808898;1;1;1
24035510;13313026;0;1;0
24041848;6846480;0;1;0
24042307;3134837;0;1;0
24043213;24181196;0;1;0
24054148;14340309;1;1;1
24054244;21427819;0;1;0
24074276;19440974;1;1;0
24091300;8393937;0;1;1
24094054;9650791;0;1;1
24095496;8073835;1;1;1
24097445;4166878;0;1;1
24109160;22203788;0;1;1
24109925;3024829;0;1;1
24111429;21079252;0;1;0
24122576;2113014;0;1;1
24133941;1368568;0;1;1
24146150;15935220;0;1;1
24153842;17805140;0;1;1
24172799;12768727;0;1;1
24184768;9141717;0;1;0
24195456;15547390;0;1;1
24200799;16142270;0;1;1
24208515;12639032;0;1;1
24225543;6327116;0;1;1
24225543;22958023;0;1;1
24227276;20999444;0;1;0
24237367;8185341;0;1;0
24239237;19634345;1;1;1
24277478;13869958;0;1;1
24302147;17975647;0;1;1
24303132;18894456;0;1;0
24309863;3771533;0;1;1
24323223;21119333;1;1;1
24331367;13540418;0;1;0
24333037;8833188;0;1;1
24335850;5639452;0;1;0
24390140;12720234;0;1;1
24397601;5049263;0;1;1
24397601;15394875;0;1;1
24403915;8816103;1;1;1
24407609;2412675;0;1;1
24410124;14034446;0;1;1
24416539;2336892;0;1;1
24423840;187092;0;1;1
24436909;5277212;0;1;1
24439408;23226346;0;1;0
24440289;3559208;0;1;1
24445307;6847656;0;1;1
24448726;14029016;0;1;0
24456600;20941132;0;1;0
24468366;6257922;0;1;0
24473253;10892521;0;1;0
24493341;9866149;0;1;1
24514716;8021730;0;1;0
24534965;17995324;0;1;1
24540291;7984912;1;1;0
24542490;11711380;0;1;1
24553560;16789873;0;1;1
24562005;17950280;0;1;1
24571737;15639554;0;1;1
24590413;2878547;0;1;0
24591840;3014201;1;1;0
24594763;5369144;1;1;0
24602658;16032518;0;1;0
24603978;6434062;0;1;0
24604835;13058235;1;1;1
24621439;14642070;0;1;0
24626111;955730;0;1;0
24626111;11304107;0;1;0
24636000;3615955;0;1;0
24636000;17110561;0;1;0
24646191;3191947;0;1;1
24656773;10169518;0;1;0
24656773;16043245;0;1;0
24657086;19214769;1;1;1
24658920;12759853;0;1;1
24669546;10945744;0;1;1
24669546;18247312;0;1;0
24674133;15419234;0;1;0
24689456;5902445;0;1;1
24693499;18990473;0;1;1
24693852;11544679;1;1;0
24697477;9290276;0;1;1
24701652;4683152;0;1;0
24768619;1646736;0;1;0
24774335;16440193;0;1;1
24774335;24852208;0;1;1
24782410;22605968;0;1;0
24783582;15517128;0;1;0
24786022;9862192;0;1;0
24788138;10700328;0;1;1
24788138;24436027;0;1;1
24810606;9374793;0;1;0
24821192;1742829;0;1;1
24822912;11689384;0;1;1
24847243;971938;0;1;0
24847243;23622830;0;1;0
24849345;3715297;0;1;1
24863332;9534378;0;1;0
24878606;3434561;0;1;1
24879856;10286862;0;1;1
24881585;24726113;0;1;1
24891938;1061256;1;1;1
24898062;23841341;0;1;1
24913641;21254893;0;1;1
24938648;20802875;0;1;1
24951321;8285521;0;1;0
24957175;3635242;0;1;0
24968811;22873483;0;1;1
24969568;6808703;0;1;1
24977004;5078674;0;1;1
24983819;21673571;0;1;1
24991130;5236289;0;1;1
24998675;17848202;0;1;1
25127680;17942261;0;1;1
25136921;25145458;0;1;1
25140117;25140873;0;1;0
25144124;25152160;0;1;1
25212190;17162035;0;1;0
25230906;25305787;0;1;1
25263086;25144226;0;1;1
25393030;64083;0;1;1
25442483;25363477;0;1;1
25457794;25630538;0;1;0
25467268;25467073;1;1;1
25471471;25766267;0;1;0
25471471;25766572;0;1;0
25485995;25491310;0;1;0
25486443;7701653;0;1;1
25488627;25503672;0;1;1
25491485;25503464;1;1;1
25511732;25503390;0;1;0
25515531;25516040;0;1;0
25550292;25551658;1;1;0
25559394;25559922;0;1;1
25559394;25591038;0;1;1
25559922;25591038;0;1;1
25561719;25561102;0;1;1
25574416;25614964;0;1;1
25593094;25603220;0;1;1
25596676;25766331;0;1;0
25598798;25558939;0;1;0
25598798;25605420;0;1;0
25598798;25623807;0;1;0
25601012;25766248;0;1;1
25601097;25716896;0;1;1
25604646;25766516;0;1;0
25607605;25765673;0;1;0
25612409;25592909;0;1;0
25622915;25619051;0;1;0
25626320;25610242;1;1;1
25627471;25604758;1;1;1
25627839;25594104;0;1;1
25636434;25636217;0;1;1
25640803;25572456;0;1;0
25641123;25643890;0;1;1
25714207;25610022;0;1;0
25734240;25738899;0;1;1
25734240;25739308;1;1;1
25735337;25766467;0;1;1
25736911;25737617;0;1;1
25736952;25736167;0;1;1
25737218;25734485;0;1;1
25738248;25736071;0;1;1
25738969;25737113;0;1;0
25739308;25738899;0;1;1
25755742;25754942;0;1;1
25757625;25757989;0;1;0
25763647;25760783;0;1;0
25764867;25767082;0;1;1
25764873;25768144;0;1;1
25764891;25767253;0;1;1
25764910;25765687;0;1;0
25764910;25768331;0;1;0
25764944;25766262;0;1;1
25764975;25768020;0;1;0
25764981;25765420;0;1;1
25764981;25765531;0;1;0
25765011;25767667;0;1;1
25765014;25766055;0;1;1
25765014;25766878;0;1;1
25765037;25766377;0;1;1
25765059;25768343;0;1;1
25765084;25765775;0;1;1
25765125;25766918;0;1;0
25765135;25766653;0;1;0
25765150;1502731;0;1;1
25765155;25766557;0;1;1
25765155;25768213;0;1;1
25765160;25768189;0;1;1
25765182;25764930;0;1;0
25765212;25766007;0;1;1
25765212;25767088;0;1;1
25765232;25767654;0;1;1
25765246;25767170;0;1;0
25765304;25765085;0;1;1
25765330;25768215;0;1;0
25765337;25766322;0;1;1
25765367;25766717;0;1;1
25765380;25768262;0;1;1
25765393;25766886;0;1;1
25765420;25765531;0;1;0
25765438;25766498;0;1;0
25765574;25767001;0;1;1
25765594;25766177;0;1;1
25765595;25765104;0;1;0
25765616;25765632;0;1;1
25765626;25715044;0;1;1
25765644;25765289;0;1;1
25765669;25767281;0;1;1
25765710;25738462;0;1;1
25765711;25766547;0;1;0
25765768;25764944;0;1;0
25765768;25766262;0;1;0
25765806;25765356;0;1;1
25765836;25765311;1;1;0
25765837;25766958;0;1;1
25765838;25765715;0;1;1
25765838;25768346;0;1;1
25765900;25767346;0;1;1
25765959;25765418;0;1;0
25765972;25767118;0;1;1
25765991;25765583;1;1;0
25766026;25766474;0;1;1
25766030;25766723;1;1;1
25766059;25766536;1;1;1
25766067;25766202;0;1;1
25766072;25767833;0;1;0
25766184;25766189;0;1;0
25766225;25765576;0;1;0
25766244;25766936;0;1;1
25766256;25766582;0;1;0
25766259;25764978;0;1;0
25766267;25766572;0;1;1
25766280;25766552;0;1;0
25766289;25766997;0;1;0
25766316;25767043;0;1;1
25766316;25767836;0;1;1
25766335;25766373;0;1;0
25766343;25765178;0;1;1
25766345;25764053;0;1;1
25766348;25765272;0;1;1
25766349;25765385;0;1;0
25766358;25767877;0;1;1
25766361;25767801;0;1;1
25766365;25765675;0;1;1
25766376;25765418;0;1;0
25766376;25765959;0;1;0
25766392;25767886;0;1;0
25766423;25764997;0;1;1
25766428;25767912;0;1;1
25766429;25765173;0;1;1
25766429;25767017;0;1;1
25766433;25768318;0;1;1
25766439;25767857;0;1;0
25766483;25765616;0;1;0
25766483;25765632;0;1;0
25766483;25766756;0;1;0
25766483;25767597;0;1;0
25766491;25767378;0;1;0
25766501;25766309;0;1;0
25766522;25766072;0;1;0
25766522;25767833;0;1;0
25766581;25766676;0;1;0
25766583;25767934;0;1;1
25766588;25766637;0;1;1
25766601;25765382;0;1;1
25766616;25765576;0;1;0
25766616;25766225;0;1;0
25766623;25765570;0;1;1
25766626;25766896;0;1;1
25766630;25767147;0;1;0
25766638;25767103;0;1;1
25766660;25720570;0;1;1
25766704;25766769;0;1;1
25766746;25764938;1;1;1
25766756;25765616;0;1;0
25766756;25765632;0;1;0
25766756;25767597;0;1;1
25766803;25768136;0;1;0
25766804;25767043;0;1;1
25766818;25765311;0;1;0
25766830;3180495;0;1;1
25766831;25768197;0;1;0
25766844;25767286;0;1;0
25766854;25767479;0;1;0
25766856;25765800;0;1;0
25766858;25765311;1;1;0
25766878;25766055;0;1;1
25766901;25768205;0;1;1
25766929;25765311;1;1;0
25766944;25764933;0;1;0
25766977;25767931;0;1;0
25767017;25765173;0;1;1
25767034;25767697;0;1;0
25767053;25767166;0;1;0
25767084;25766244;0;1;0
25767084;25766936;0;1;0
25767088;25766007;0;1;1
25767113;25765707;0;1;1
25767126;25764928;0;1;0
25767141;25766324;0;1;1
25767165;25766726;0;1;0
25767177;25764914;0;1;0
25767394;25766209;0;1;1
25767442;25766281;0;1;1
25767453;25766630;0;1;0
25767453;25767147;0;1;1
25767470;25766269;0;1;1
25767562;25767747;0;1;1
25767585;25766774;0;1;1
25767597;25765616;0;1;1
25767597;25765632;0;1;1
25767647;25765356;0;1;0
25767647;25765806;0;1;0
25767659;25765454;0;1;1
25767661;25765407;0;1;1
25767705;25767300;0;1;1
25767729;25768094;0;1;1
25767739;25765907;0;1;1
25767776;25767687;0;1;1
25767782;25766701;0;1;1
25767797;25765992;0;1;1
25767806;25765415;0;1;0
25767836;25767043;0;1;1
25767850;25764974;0;1;0
25767919;25768180;0;1;0
25767938;25768067;1;1;1
25767950;25596676;0;1;1
25767950;25766331;0;1;0
25768028;25765579;0;1;1
25768033;25766534;0;1;0
25768041;25768039;0;1;1
25768072;25767182;0;1;1
25768076;25764977;0;1;1
25768079;25766535;0;1;1
25768087;25765442;0;1;1
25768102;25767154;0;1;1
25768110;25766517;0;1;1
25768114;25768231;0;1;1
25768119;25766138;1;1;1
25768159;25764951;0;1;0
25768213;25766557;0;1;1
25768222;25766161;0;1;1
25768240;25765413;1;1;0
25768244;25767860;0;1;0
25768315;25766807;0;1;1
25768331;25765687;0;1;0
25768346;25765715;0;1;1
